編號,倉庫,分類,名稱,寬度mm,長度mm,形狀,五行,進貨總價,進貨數量(顆),進貨日期,進貨廠商,庫存(顆),單顆成本
ST0149,Imeng,天然石,冰曜石,3.0,0.0,切角,土,54.0,120.0,2025/12/10,TB-東吳天然石坊,-96.0,0.45
ST0147,Imeng,天然石,波斯瑪瑙,6.0,0.0,圓珠,土,350.0,45.0,2025/12/10,永安,45.0,7.78
ST0148,Imeng,天然石,波斯瑪瑙,8.0,0.0,圓珠,土,350.0,45.0,2025/12/10,永安,45.0,7.78
ST0161,Imeng,天然石,膠花,7.5,0.0,圓珠,土,49.0,60.0,2025/12/10,小聰頭,60.0,0.82
ST0150,Imeng,天然石,茶晶,5.0,0.0,切角,土,290.0,60.0,2025/12/10,Rich,60.0,4.83
ST0151,Imeng,天然石,茶晶,6.0,0.0,圓珠,土,200.0,60.0,2025/12/10,永安,61.0,3.275409836065574
ST0153,Imeng,天然石,虎眼石,8.0,0.0,圓珠,土,12.0,1.0,2025/12/10,Rich,1.0,12.0
ST0154,Imeng,天然石,虎眼石,10.0,0.0,圓珠,土,16.0,1.0,2025/12/10,Rich,3.0,17.333333333333332
ST0168,Imeng,天然石,金絲玉,9.0,0.0,圓珠,土,97.0,20.0,2025/12/10,小聰頭-13,20.0,4.85
ST0164,Imeng,天然石,金髮晶,3.0,0.0,切角,土,80.0,110.0,2025/12/10,TB-東吳天然石坊,110.0,0.73
ST0165,Imeng,天然石,金髮晶,6.5,0.0,圓珠,土,65.0,27.0,2025/12/10,小聰頭,27.0,2.41
ST0166,Imeng,天然石,金髮晶,7.0,0.0,圓珠,土,500.0,26.0,2025/12/10,小聰頭,26.0,19.23
ST0167,Imeng,天然石,金髮晶,8.0,0.0,圓珠,土,625.0,24.0,2025/12/10,小聰頭-千千,24.0,26.04
ST0169,Imeng,天然石,阿賽斯特萊,9.0,0.0,圓珠,土,59.0,16.0,2025/12/10,小聰頭,16.0,3.69
ST0159,Imeng,天然石,黃塔晶(雪花幽靈),6.0,0.0,圓珠,土,115.0,90.0,2025/12/10,小聰頭,90.0,1.28
ST0156,Imeng,天然石,黃水晶,5.5,0.0,切角,土,20.0,1.0,2025/12/10,Rich,1.0,20.0
ST0157,Imeng,天然石,黃水晶,6.0,0.0,圓珠,土,380.0,60.0,2025/12/10,永安,60.0,6.33
ST0158,Imeng,天然石,黃水晶,10.0,0.0,圓珠,土,800.0,35.0,2025/12/10,永安,35.0,22.86
ST0162,Imeng,天然石,黃澳寶,4.0,0.0,切角,土,133.0,100.0,2025/12/10,TB-東吳天然石坊,100.0,1.33
ST0160,Imeng,天然石,黃髮晶,6.0,0.0,圓珠,土,250.0,60.0,2025/12/10,永安,60.0,4.17
ST0163,Imeng,天然石,黃髮晶,8.0,0.0,圓珠,土,300.0,50.0,2025/12/10,永安,50.0,6.0
ST0283,Imeng,天然石,櫻花瑪瑙,7.0,0.0,鑽切,土火,236.0,48.0,2025/12/10,小聰頭,48.0,4.92
ST0284,Imeng,天然石,櫻花瑪瑙,7.5,0.0,鑽切,土火,101.0,25.0,2025/12/10,小聰頭,17.0,4.04
ST0285,Imeng,天然石,櫻花瑪瑙,7.5,0.0,圓珠,土火,9.0,1.0,2025/12/10,Rich,1.0,9.0
ST0319,Imeng,天然石,冰曜石,3.0,0.0,切角,木,110.0,100.0,2025-12-10,TB-東吳天然石坊,100.0,1.1
ST0001,Imeng,天然石,冰翠玉,3.0,0.0,切角,木,100.0,145.0,2025/12/10,TB-東吳天然石坊,145.0,0.69
ST0033,Imeng,天然石,天山翠,6.5,0.0,圓珠,木,77.0,82.0,2025/12/10,小聰頭,82.0,0.94
ST0034,Imeng,天然石,天河石,3.0,0.0,切角,木,99.0,135.0,2025/12/10,TB-東吳天然石坊,135.0,0.73
ST0035,Imeng,天然石,天河石,4.0,0.0,切角,木,200.0,95.0,2025/12/10,Rich,95.0,2.11
ST0036,Imeng,天然石,天河石,6.0,0.0,切角,木,92.0,58.0,2025/12/10,TB-Super Search,58.0,1.59
ST0037,Imeng,天然石,天河石,8.0,0.0,鑽切,木,113.0,44.0,2025/12/10,TB-Super Search,44.0,2.57
ST0038,Imeng,天然石,天河石,8.0,0.0,圓珠,木,400.0,40.0,2025/12/10,永安,41.0,10.121951219512194
ST0040,Imeng,天然石,天河石,6.5,11.0,長柱,木,160.0,6.0,2025/12/10,晶格格,38.0,19.47842105263157
ST0002,Imeng,天然石,東菱玉,5.0,0.0,切角,木,180.0,45.0,2025/12/10,Rich,45.0,4.0
ST0003,Imeng,天然石,東菱玉,6.0,0.0,切角,木,66.0,56.0,2025/12/10,TB-Super Search,56.0,1.18
ST0004,Imeng,天然石,東菱玉,8.0,0.0,切角,木,100.0,40.0,2025/12/10,TB-Super Search,40.0,2.5
ST0007,Imeng,天然石,橄欖石,3.0,0.0,切角,木,160.0,150.0,2025-12-14,TB-東吳天然石坊,339.0,1.755840707964602
ST0018,Imeng,天然石,瑪瑙,8.0,0.0,圓珠,木,0.0,1.0,2025/12/10,永安,1.0,0.0
ST0019,Imeng,天然石,瑪瑙,8.0,0.0,8角,木,250.0,40.0,2025/12/10,永安,40.0,6.25
ST0006,Imeng,天然石,碧璽,8.0,0.0,圓珠,木,550.0,20.0,2025/12/10,永安,20.0,27.5
ST0054,Imeng,天然石,祖母綠,0.0,0.0,圓珠,木,0.0,100.0,2025/12/10,永安,100.0,0.0
ST0043,Imeng,天然石,綠幽靈,7.0,0.0,圓珠,木,0.0,1.0,2025/12/10,XX,2.0,25.0
ST0045,Imeng,天然石,綠幽靈,8.0,0.0,圓珠,木,222.0,51.0,2025/12/10,TB-物物居,51.0,4.35
ST0046,Imeng,天然石,綠幽靈,9.0,0.0,圓珠,木,99.0,1.0,2025/12/10,Rich,1.0,99.0
ST0047,Imeng,天然石,綠幽靈,10.0,0.0,圓珠,木,320.0,2.0,2025/12/10,Rich,2.0,160.0
ST0030,Imeng,天然石,綠松石,3.0,0.0,切角,木,137.0,130.0,2025/12/10,TB-東吳天然石坊,130.0,1.05
ST0031,Imeng,天然石,綠松石,6.0,0.0,圓珠,木,40.0,60.0,2025/12/10,TB-Super Search,60.0,0.67
ST0032,Imeng,天然石,綠松石,8.0,0.0,圓珠,木,45.0,60.0,2025/12/10,TB-Super Search,60.0,0.75
ST0009,Imeng,天然石,綠草石,6.0,0.0,切角,木,65.0,55.0,2025/12/10,TB-Super Search,55.0,1.18
ST0010,Imeng,天然石,綠草莓,8.5,0.0,圓珠,木,108.0,22.0,2025/12/10,小聰頭-蒨,22.0,4.91
ST0013,Imeng,天然石,綠龍晶,6.5,0.0,圓珠,木,520.0,25.0,2025/12/10,Rich,25.0,20.8
ST0014,Imeng,天然石,綠龍晶,8.5,0.0,圓珠,木,164.0,4.0,2025/12/10,Rich,4.0,41.0
ST0015,Imeng,天然石,綠龍晶,9.0,0.0,圓珠,木,224.0,4.0,2025/12/10,Rich,5.0,56.0
ST0017,Imeng,天然石,綠龍晶,10.0,0.0,圓珠,木,144.0,2.0,2025/12/10,XX,2.0,72.0
ST0008,Imeng,天然石,花綠石,3.0,0.0,切角,木,75.0,120.0,2025/12/10,TB-東吳天然石坊,120.0,0.63
ST0042,Imeng,天然石,草莓晶,7.5,0.0,圓珠,木,10.0,1.0,2025/12/10,Rich,1.0,10.0
ST0020,Imeng,天然石,葡萄石,3.0,0.0,切角,木,85.0,120.0,2025-12-14,TB-東吳天然石坊,249.0,0.8027704485488126
ST0021,Imeng,天然石,葡萄石,4.0,0.0,切角,木,220.0,100.0,2025/12/10,Rich,100.0,2.2
ST0022,Imeng,天然石,葡萄石,5.0,4.0,切角,木,380.0,100.0,2025/12/10,Rich,100.0,3.8
ST0023,Imeng,天然石,葡萄石,6.0,0.0,切角,木,195.0,13.0,2025/12/10,晶格格,13.0,15.0
ST0024,Imeng,天然石,葡萄石,6.0,0.0,圓珠,木,120.0,60.0,2025/12/10,永安,60.0,2.0
ST0025,Imeng,天然石,葡萄石,7.5,0.0,圓珠,木,300.0,50.0,2025/12/10,永安,50.0,6.0
ST0026,Imeng,天然石,葡萄石,8.5,0.0,圓珠,木,300.0,50.0,2025/12/10,永安,51.0,6.529411764705882
ST0028,Imeng,天然石,葡萄石,10.0,0.0,圓珠,木,500.0,31.0,2025/12/10,永安,31.0,16.13
ST0029,Imeng,天然石,葡萄石,2.5,2.5,方體,木,97.0,31.0,2025/12/10,晶格格,31.0,3.13
ST0011,Imeng,天然石,藍綠晶,7.5,0.0,圓珠,木,606.0,25.0,2025/12/10,小聰頭,25.0,24.24
ST0012,Imeng,天然石,藍綠晶,8.0,0.0,圓珠,木,480.0,23.0,2025/12/10,小聰頭-蒨,23.0,20.87
ST0050,Imeng,天然石,藥王石,8.0,0.0,圓珠,木,50.0,24.0,2025/12/10,小聰頭,24.0,2.08
ST0051,Imeng,天然石,藥王石,8.5,0.0,圓珠,木,60.0,23.0,2025/12/10,小聰頭,23.0,2.61
ST0052,Imeng,天然石,藥王石,10.0,0.0,圓珠,木,158.0,36.0,2025/12/10,小聰頭,36.0,4.39
ST0053,Imeng,天然石,藥王石,8.0,0.0,方塊,木,99.0,13.0,2025/12/10,小聰頭,13.0,7.62
ST0048,Imeng,天然石,螢石,6.0,0.0,圓珠,木,150.0,60.0,2025/12/10,永安,60.0,2.5
ST0049,Imeng,天然石,螢石,8.0,0.0,圓珠,木,200.0,45.0,2025/12/10,永安,45.0,4.44
ST0005,Imeng,天然石,髮晶,0.0,0.0,圓珠,木,0.0,100.0,2025/12/10,永安,100.0,0.0
ST0207,Imeng,天然石,丹泉石,3.5,0.0,切角,水,5.0,1.0,2025/12/10,Rich,1.0,5.0
ST0243,Imeng,天然石,彼得石,12.0,0.0,圓珠,水,602.0,1.0,2025/12/10,小聰頭-千千,1.0,602.0
ST0228,Imeng,天然石,拉長石,3.0,0.0,切角,水,90.0,60.0,2025-12-14,XX,280.0,0.8410714285714286
ST0229,Imeng,天然石,拉長石,4.0,0.0,切角,水,230.0,95.0,2025/12/10,Rich,185.0,2.7556756756756755
ST0231,Imeng,天然石,拉長石,8.0,0.0,切角,水,385.0,45.0,2025/12/10,TB-軒閣珠寶,45.0,8.56
ST0232,Imeng,天然石,拉長石,6.0,0.0,圓珠,水,350.0,60.0,2025/12/10,永安,60.0,5.83
ST0233,Imeng,天然石,拉長石,8.0,0.0,圓珠,水,550.0,45.0,2025/12/10,永安,45.0,12.22
ST0215,Imeng,天然石,海藍寶,3.0,0.0,切角,水,115.0,120.0,2025-12-14,TB-東吳天然石坊,333.0,1.1316129032258064
ST0216,Imeng,天然石,海藍寶,3.8,0.0,切角,水,300.0,100.0,2025/12/10,Rich,100.0,3.0
ST0217,Imeng,天然石,海藍寶,5.5,0.0,切角,水,550.0,70.0,2025/12/10,Rich,70.0,7.86
ST0218,Imeng,天然石,海藍寶,6.0,0.0,切角,水,27.0,1.0,2025/12/10,Rich,1.0,27.0
ST0220,Imeng,天然石,海藍寶,6.0,0.0,圓珠,水,300.0,60.0,2025/12/10,永安,60.0,5.0
ST0221,Imeng,天然石,海藍寶,8.0,0.0,圓珠,水,550.0,50.0,2025/12/10,永安,97.0,6.474432989690722
ST0223,Imeng,天然石,海藍寶,10.0,0.0,圓珠,水,800.0,35.0,2025/12/10,永安,35.0,22.86
ST0219,Imeng,天然石,海藍寶(A),6.0,0.0,圓珠,水,350.0,60.0,2025/12/10,永安,60.0,5.83
ST0213,Imeng,天然石,火山岩,8.0,0.0,圓珠,水,150.0,45.0,2025/12/10,雪霖,45.0,3.33
ST0214,Imeng,天然石,火焰石,10.0,0.0,圓珠,水,65.0,36.0,2025/12/10,小聰頭,36.0,1.81
ST0269,Imeng,天然石,異極礦,9.0,0.0,圓珠,水,50.0,1.0,2025/12/10,小聰頭-千千,1.0,50.0
ST0247,Imeng,天然石,藍月光,3.0,3.4,方體,水,165.0,26.0,2025/12/10,永安,26.0,6.35
ST0208,Imeng,天然石,藍東菱玉,6.0,0.0,切角,水,85.0,50.0,2025/12/10,TB-Super Search,50.0,1.7
ST0209,Imeng,天然石,藍東菱玉,8.0,0.0,切角,水,85.0,40.0,2025/12/10,TB-Super Search,40.0,2.13
ST0244,Imeng,天然石,藍松石,8.0,0.0,圓珠,水,102.0,50.0,2025/12/10,TB-物物居,50.0,2.04
ST0236,Imeng,天然石,藍磷灰石,5.0,0.0,圓珠,水,118.0,60.0,2025/12/10,小聰頭-周三寶,60.0,1.97
ST0237,Imeng,天然石,藍磷灰石,6.0,0.0,圓珠,水,140.0,56.0,2025/12/10,小聰頭-周三寶,56.0,2.5
ST0238,Imeng,天然石,藍磷灰石,8.0,0.0,圓珠,水,450.0,46.0,2025/12/10,祥玥,46.0,9.78
ST0239,Imeng,天然石,藍磷灰石,3.0,0.0,切角,水,130.0,130.0,2025-12-14,TB-東吳天然石坊,374.0,1.0588235294117647
ST0240,Imeng,天然石,藍磷灰石(2A),4.0,0.0,切角,水,210.0,90.0,2025/12/10,Rich,90.0,2.33
ST0241,Imeng,天然石,藍磷灰石(A),7.0,10.0,長柱,水,580.0,33.0,2025/12/10,晶格格,39.0,18.97846153846153
ST0270,Imeng,天然石,藍紋石,6.0,0.0,切角,水,82.0,50.0,2025/12/10,TB-Super Search,26.0,1.64
ST0234,Imeng,天然石,藍綠晶,7.0,0.0,圓珠,水,397.0,26.0,2025/12/10,小聰頭-蒨,26.0,15.27
ST0235,Imeng,天然石,藍綠晶,7.5,0.0,圓珠,水,685.0,24.0,2025/12/10,小聰頭-蒨,24.0,28.54
ST0258,Imeng,天然石,金曜石,6.5,0.0,圓珠,水,175.0,65.0,2025/12/10,小聰頭,65.0,2.69
ST0259,Imeng,天然石,金曜石,8.0,0.0,圓珠,水,410.0,20.0,2025/12/10,石之靈,20.0,20.5
ST0260,Imeng,天然石,金曜石,10.0,0.0,圓珠,水,350.0,19.0,2025/12/10,Rich,19.0,18.42
ST0261,Imeng,天然石,金曜石,5.0,0.0,切角,水,150.0,45.0,2025/12/10,Rich,45.0,3.33
ST0262,Imeng,天然石,金曜石,7.0,0.0,切角,水,170.0,50.0,2025/12/10,Rich,50.0,3.4
ST0263,Imeng,天然石,金曜石,7.5,0.0,造型-鈴鐺珠,水,235.0,65.0,2025/12/10,,65.0,3.62
ST0227,Imeng,天然石,金運石,9.5,0.0,圓珠,水,90.0,1.0,2025/12/10,Rich,1.0,90.0
ST0268,Imeng,天然石,銀曜星球,8.0,0.0,圓珠,水,38.0,1.0,2025/12/10,Rich,1.0,38.0
ST0264,Imeng,天然石,銀曜石,8.0,0.0,圓珠,水,12.0,1.0,2025/12/10,Rich,1.0,12.0
ST0265,Imeng,天然石,銀曜石,9.0,0.0,圓珠,水,38.0,1.0,2025/12/10,Rich,1.0,38.0
ST0266,Imeng,天然石,銀曜石,11.0,0.0,圓珠,水,50.0,1.0,2025/12/10,Rich,1.0,50.0
ST0267,Imeng,天然石,銀曜石,9.0,11.0,桶珠,水,65.0,1.0,2025/12/10,Rich,1.0,65.0
ST0248,Imeng,天然石,銀月光,7.0,0.0,圓珠,水,88.0,26.0,2025/12/10,小聰頭-千千,26.0,3.38
ST0249,Imeng,天然石,銀月光,10.0,0.0,圓珠,水,49.0,19.0,2025/12/10,小聰頭,19.0,2.58
ST0204,Imeng,天然石,青金石,3.0,0.0,切角,水,135.0,140.0,2025/12/10,TB-東吳天然石坊,140.0,0.96
ST0205,Imeng,天然石,青金石,3.8,0.0,切角,水,230.0,100.0,2025/12/10,Rich,100.0,2.3
ST0206,Imeng,天然石,青金石,4.0,0.0,切角,水,320.0,120.0,2025/12/10,Rich,120.0,2.67
ST0224,Imeng,天然石,魔鬼海藍寶,7.0,0.0,圓珠,水,180.0,26.0,2025/12/10,Rich,26.0,6.92
ST0225,Imeng,天然石,魔鬼海藍寶,9.0,0.0,圓珠,水,300.0,21.0,2025/12/10,Rich,21.0,14.29
ST0226,Imeng,天然石,黑尖晶,3.0,0.0,切角,水,75.0,130.0,2025-12-17,TB-東吳天然石坊,283.0,0.5392932862190812
ST0250,Imeng,天然石,黑曜石,6.0,0.0,圓珠,水,80.0,60.0,2025/12/10,永安,72.0,1.345
ST0252,Imeng,天然石,黑曜石,8.0,0.0,圓珠,水,90.0,50.0,2025/12/10,永安,50.0,1.8
ST0253,Imeng,天然石,黑曜石,10.0,0.0,圓珠,水,100.0,30.0,2025/12/10,永安,30.0,3.33
ST0254,Imeng,天然石,黑曜石,5.0,0.0,切角,水,3.0,1.0,2025/12/10,Rich,1.0,3.0
ST0255,Imeng,天然石,黑曜石,7.0,0.0,切角,水,180.0,45.0,2025/12/10,Rich,45.0,4.0
ST0256,Imeng,天然石,黑曜石,9.0,0.0,切角,水,7.0,1.0,2025/12/10,Rich,1.0,7.0
ST0257,Imeng,天然石,黑曜石,8.5,9.0,桶珠,水,73.0,12.0,2025/12/10,小聰頭,12.0,6.08
ST0201,Imeng,天然石,黑碧璽,6.0,0.0,切角,水,350.0,60.0,2025/12/10,永安,60.0,5.83
ST0202,Imeng,天然石,黑碧璽,8.0,0.0,圓珠,水,450.0,50.0,2025/12/10,永安,50.0,9.0
ST0203,Imeng,天然石,黑碧璽,10.0,0.0,圓珠,水,450.0,35.0,2025/12/10,永安,35.0,12.86
ST0200,Imeng,天然石,黑碧璽(AA),6.0,0.0,圓珠,水,350.0,60.0,2025/12/10,永安,60.0,5.83
ST0245,Imeng,天然石,黑金骨幹太陽石,10.0,0.0,圓珠,水,99.0,20.0,2025/12/10,小聰頭,20.0,4.95
ST0246,Imeng,天然石,黑金骨幹太陽石,12.0,0.0,圓珠,水,99.0,19.0,2025/12/10,小聰頭,19.0,5.21
ST0210,Imeng,天然石,黑髮晶,3.0,0.0,切角,水,76.0,125.0,2025/12/10,TB-東吳天然石坊,125.0,0.61
ST0211,Imeng,天然石,黑髮晶,8.0,0.0,圓珠,水,580.0,23.0,2025/12/10,石之靈,46.0,15.914999999999996
ST0101,Imeng,天然石,太陽石,8.0,0.0,圓珠,火,70.0,1.0,2025/12/10,Rich,69.0,8.837681159420288
ST0103,Imeng,天然石,太陽石,3.0,0.0,切角,火,98.0,135.0,2025/12/10,TB-東吳天然石坊,135.0,0.73
ST0104,Imeng,天然石,太陽石,4.0,0.0,切角,火,250.0,100.0,2025/12/10,Rich,190.0,2.471578947368421
ST0106,Imeng,天然石,太陽石,6.0,0.0,圓珠,火,160.0,60.0,2025/12/10,Rich,60.0,2.67
ST0108,Imeng,天然石,太陽石(不透),8.0,0.0,圓珠,火,148.0,70.0,2025/12/10,小聰頭,70.0,2.11
ST0093,Imeng,天然石,摩根石,3.0,0.0,切角,火,98.0,125.0,2025/12/10,TB-東吳天然石坊,125.0,0.78
ST0094,Imeng,天然石,摩根石,6.0,0.0,圓珠,火,200.0,60.0,2025/12/10,永安,60.0,3.33
ST0095,Imeng,天然石,摩根石,8.0,0.0,圓珠,火,250.0,45.0,2025/12/10,永安,45.0,5.56
ST0096,Imeng,天然石,摩根石,6.0,0.0,切角,火,245.0,60.0,2025/12/10,TB-軒閣珠寶,120.0,3.665
ST0066,Imeng,天然石,果凍粉晶,8.0,0.0,圓珠,火,210.0,50.0,2025/12/10,TB-物物居,50.0,4.2
ST0136,Imeng,天然石,橙月光,3.0,0.0,切角,火,80.0,115.0,2025-12-14,TB-東吳天然石坊,335.0,0.6886567164179104
ST0137,Imeng,天然石,橙月光,8.0,0.0,圓珠,火,78.0,50.0,2025/12/10,小聰頭,50.0,1.56
ST0138,Imeng,天然石,煙紫玉隨,8.0,0.0,圓珠,火,59.0,23.0,2025/12/10,小聰頭,23.0,2.57
ST0139,Imeng,天然石,煙紫玉隨,10.0,0.0,圓珠,火,88.0,19.0,2025/12/10,小聰頭,19.0,4.63
ST0115,Imeng,天然石,狗牙紫晶,6.0,0.0,切角,火,150.0,60.0,2025/12/10,TB-軒閣珠寶,58.0,2.5
ST0116,Imeng,天然石,狗牙紫晶,8.0,0.0,切角,火,190.0,45.0,2025/12/10,TB-軒閣珠寶,41.0,4.22
ST0098,Imeng,天然石,石榴石,4.0,0.0,切角,火,160.0,0.0,2025/12/10,TB-東吳天然石坊,0.0,0.0
ST0099,Imeng,天然石,石榴石(7A),6.0,0.0,圓珠,火,350.0,28.0,2025/12/10,TB-鼎喜,56.0,12.5
ST0069,Imeng,天然石,粉奧寶,3.8,0.0,切角,火,180.0,100.0,2025/12/10,Rich,100.0,1.8
ST0062,Imeng,天然石,粉水晶,3.0,0.0,切角,火,67.0,115.0,2025-12-14,TB-東吳天然石坊,280.0,0.5
ST0067,Imeng,天然石,粉水晶,6.0,0.0,圓珠,火,80.0,60.0,2025/12/10,永安,60.0,1.33
ST0068,Imeng,天然石,粉水晶,8.0,0.0,圓珠,火,100.0,40.0,2025/12/10,永安,40.0,2.5
ST0087,Imeng,天然石,紅瑪瑙,6.0,0.0,切角,火,90.0,30.0,2025/12/10,TB-鼎喜,30.0,3.0
ST0089,Imeng,天然石,紅瑪瑙,8.0,0.0,切角,火,104.0,23.0,2025/12/10,TB-鼎喜,23.0,4.52
ST0088,Imeng,天然石,紅瑪瑙(7A),6.0,0.0,鑽切,火,100.0,30.0,2025/12/10,TB-鼎喜,30.0,3.33
ST0090,Imeng,天然石,紅瑪瑙(7A),8.0,0.0,鑽切,火,115.0,23.0,2025/12/10,TB-鼎喜,23.0,5.0
ST0083,Imeng,天然石,紅膠花,5.0,0.0,圓珠,火,124.0,98.0,2025/12/10,小聰頭,98.0,1.27
ST0084,Imeng,天然石,紅膠花,8.0,0.0,圓珠,火,79.0,24.0,2025/12/10,小聰頭,47.0,5.4040425531914895
ST0086,Imeng,天然石,紅膠花,8.5,0.0,圓珠,火,400.0,22.0,2025/12/10,小聰頭,22.0,18.18
ST0091,Imeng,天然石,紅花瑪瑙,6.0,0.0,切角,火,120.0,60.0,2025/12/10,TB-軒閣珠寶,58.0,2.0
ST0072,Imeng,天然石,紅鐵礦,8.0,0.0,切角,火,240.0,45.0,2025/12/10,TB-軒閣珠寶,41.0,5.33
ST0070,Imeng,天然石,紅髮晶,7.0,0.0,圓珠,火,540.0,25.0,2025/12/10,Rich,79.0,13.670886075949369
ST0140,Imeng,天然石,紫幽靈,8.0,0.0,圓珠,火,200.0,22.0,2025/12/10,Rich,119.0,7.561764705882352
ST0143,Imeng,天然石,紫幽靈,6.0,0.0,切角,火,200.0,60.0,2025/12/10,TB-軒閣珠寶,73.0,5.475890410958904
ST0145,Imeng,天然石,紫幽靈,8.0,0.0,切角,火,330.0,45.0,2025/12/10,TB-軒閣珠寶,45.0,7.33
ST0146,Imeng,天然石,紫幽靈,8.5,0.0,桶珠,火,19.0,1.0,2025/12/10,Rich,1.0,19.0
ST0117,Imeng,天然石,紫水晶,3.0,0.0,切角,火,100.0,50.0,2025-12-14,TB-東吳天然石坊,204.0,0.8695652173913043
ST0118,Imeng,天然石,紫水晶,8.0,0.0,切角,火,275.0,45.0,2025/12/10,TB-軒閣珠寶,140.0,6.142142857142857
ST0120,Imeng,天然石,紫水晶,10.0,0.0,圓珠,火,100.0,19.0,2025/12/10,小聰頭,19.0,5.26
ST0121,Imeng,天然石,紫水晶,6.0,0.0,切角,火,5.0,1.0,2025/12/10,Rich,61.0,2.540983606557377
ST0122,Imeng,天然石,紫水晶,8.0,0.0,8角,火,400.0,40.0,2025/12/10,永安,40.0,10.0
ST0123,Imeng,天然石,紫水晶,6.0,0.0,圓珠,火,180.0,65.0,2025/12/10,永安,250.0,2.1934
ST0124,Imeng,天然石,紫水晶,8.0,0.0,圓珠,火,450.0,50.0,2025/12/10,永安,100.0,5.8
ST0128,Imeng,天然石,紫水晶,10.0,0.0,切角,火,700.0,35.0,2025/12/10,永安,35.0,20.0
ST0133,Imeng,天然石,紫鋰輝,6.5,0.0,圓珠,火,699.0,84.0,2025/12/10,小聰頭,78.0,8.32
ST0134,Imeng,天然石,紫鋰輝,8.0,0.0,圓珠,火,442.0,24.0,2025/12/10,小聰頭-蒨,20.0,18.42
ST0135,Imeng,天然石,紫鋰輝,9.0,0.0,圓珠,火,237.0,21.0,2025/12/10,小聰頭-蒨,21.0,11.29
ST0109,Imeng,天然石,草莓晶,3.0,0.0,切角,火,67.0,120.0,2025-12-14,TB-東吳天然石坊,289.0,0.5444982698961938
ST0110,Imeng,天然石,草莓晶,4.0,0.0,切角,火,100.0,100.0,2025/12/10,TB-東吳天然石坊,89.0,1.828620689655172
ST0113,Imeng,天然石,草莓晶,4.0,0.0,圓珠,火,150.0,50.0,2025/12/10,Rich,50.0,3.0
ST0114,Imeng,天然石,草莓晶,8.0,0.0,圓珠,火,230.0,50.0,2025/12/10,永安,50.0,4.6
ST0073,Imeng,天然石,菫青石,3.0,0.0,切角,火,135.0,120.0,2025/12/10,TB-東吳天然石坊,85.0,1.13
ST0075,Imeng,天然石,菫青石,4.0,0.0,切角,火,300.0,100.0,2025/12/10,Rich,100.0,3.0
ST0076,Imeng,天然石,菫青石,6.0,0.0,切角,火,220.0,65.0,2025/12/10,TB-軒閣珠寶,63.0,3.38
ST0077,Imeng,天然石,菫青石,5.5,0.0,圓珠,火,50.0,2.0,2025/12/10,Rich,2.0,25.0
ST0078,Imeng,天然石,菫青石,7.5,0.0,圓珠,火,70.0,1.0,2025/12/10,Rich,1.0,70.0
ST0079,Imeng,天然石,菫青石,8.0,0.0,圓珠,火,520.0,20.0,2025/12/10,Rich,0.0,8.562637362637362
ST0082,Imeng,天然石,菫青石,2.2,2.5,方體,火,125.0,35.0,2025/12/10,晶格格,35.0,3.57
ST0055,Imeng,天然石,薔薇輝/紅紋石,7.5,7.5,方體,火,33.0,1.0,2025/12/10,晶格格,1.0,33.0
ST0056,Imeng,天然石,薔薇輝/紅紋石,7.5,10.0,長柱,火,160.0,5.0,2025/12/10,晶格格,5.0,32.0
ST0057,Imeng,天然石,薔薇輝/紅紋石,4.5,0.0,切角,火,75.0,16.0,2025/12/10,晶格格,16.0,4.69
ST0058,Imeng,天然石,薔薇輝/紅紋石,6.0,0.0,切角,火,120.0,60.0,2025/12/10,TB-物物居,60.0,2.0
ST0059,Imeng,天然石,薔薇輝/紅紋石,10.0,0.0,切角,火,240.0,35.0,2025/12/10,TB-物物居,35.0,6.86
ST0060,Imeng,天然石,薔薇輝/紅紋石,8.0,0.0,圓珠,火,150.0,44.0,2025/12/10,TB-物物居,44.0,3.41
ST0061,Imeng,天然石,薔薇輝/紅紋石,9.0,0.0,圓珠,火,355.0,20.0,2025/12/10,XX,20.0,17.75
ST0063,Imeng,天然石,馬粉粉晶,10.0,0.0,圓珠,火,33.0,1.0,2025/12/10,Rich,39.0,20.8497435897436
ST0065,Imeng,天然石,馬粉粉晶,15.0,16.0,造型-貓頭,火,115.0,1.0,2025/12/10,Rich,1.0,115.0
ST0310,Imeng,天然石,幽靈,8.0,0.0,圓珠,綜合,248.0,48.0,2025/12/10,TB-物物居,48.0,5.17
ST0311,Imeng,天然石,幽靈,9.5,0.0,圓珠,綜合,166.0,21.0,2025/12/10,小聰頭,21.0,7.9
ST0312,Imeng,天然石,幽靈,10.0,0.0,圓珠,綜合,207.0,19.0,2025/12/10,小聰頭,19.0,10.89
ST0313,Imeng,天然石,幽靈,10.5,0.0,圓珠,綜合,207.0,19.0,2025/12/10,小聰頭,19.0,10.89
ST0314,Imeng,天然石,幽靈,11.0,0.0,圓珠,綜合,237.0,18.0,2025/12/10,小聰頭,18.0,13.17
ST0271,Imeng,天然石,彩碧,3.0,0.0,切角,綜合,98.0,140.0,2025/12/10,TB-東吳天然石坊,140.0,0.7
ST0272,Imeng,天然石,彩碧,5.0,0.0,扁,綜合,400.0,170.0,2025/12/10,永安,170.0,2.35
ST0273,Imeng,天然石,彩碧,8.0,0.0,圓珠,綜合,830.0,24.0,2025/12/10,永安,59.0,17.032542372881355
ST0316,Imeng,天然石,彩螢石,7.0,0.0,圓珠,綜合,39.0,24.0,2025/12/10,小聰頭,24.0,1.63
ST0317,Imeng,天然石,彩螢石,8.0,0.0,圓珠,綜合,39.0,24.0,2025/12/10,小聰頭,24.0,1.63
ST0301,Imeng,天然石,月光,3.0,0.0,切角,綜合,93.0,120.0,2025/12/10,TB-東吳天然石坊,265.0,0.8675471698113206
ST0302,Imeng,天然石,月光,6.0,6.0,切角,綜合,670.0,65.0,2025/12/10,晶格格,65.0,10.31
ST0303,Imeng,天然石,月光,7.0,0.0,圓珠,綜合,120.0,28.0,2025/12/10,Rich,28.0,4.29
ST0305,Imeng,天然石,月光,8.0,0.0,圓珠,綜合,500.0,50.0,2025/12/10,永安,50.0,10.0
ST0308,Imeng,天然石,月光(頂級),6.0,0.0,圓珠,綜合,68.0,1.0,2025/12/10,Rich,1.0,68.0
ST0309,Imeng,天然石,玉石,8.0,13.0,長柱,綜合,200.0,60.0,2025/12/10,永安,60.0,3.33
ST0287,Imeng,天然石,珊瑚玉,7.5,0.0,鑽切,綜合,165.0,24.0,2025/12/10,小聰頭,24.0,6.88
ST0288,Imeng,天然石,珊瑚玉,8.0,0.0,鑽切,綜合,546.0,68.0,2025/12/10,小聰頭,68.0,8.03
ST0289,Imeng,天然石,珊瑚玉,10.0,0.0,鑽切,綜合,490.0,38.0,2025/12/10,小聰頭,38.0,12.89
ST0290,Imeng,天然石,珊瑚玉,6.0,0.0,圓珠,綜合,70.0,58.0,2025/12/10,TB-Super Search,58.0,1.21
ST0291,Imeng,天然石,珊瑚玉,7.0,0.0,圓珠,綜合,198.0,56.0,2025/12/10,小聰頭,56.0,3.54
ST0292,Imeng,天然石,珊瑚玉,8.0,0.0,圓珠,綜合,85.0,45.0,2025/12/10,TB-Super Search,335.0,4.693194029850747
ST0295,Imeng,天然石,珊瑚玉,9.0,0.0,圓珠,綜合,179.0,20.0,2025/12/10,小聰頭,60.0,7.803333333333334
ST0297,Imeng,天然石,珊瑚玉,10.0,0.0,圓珠,綜合,199.0,18.0,2025/12/10,小聰頭,18.0,11.06
ST0304,Imeng,天然石,糖果月光,7.5,0.0,圓珠,綜合,139.0,24.0,2025/12/10,小聰頭,24.0,5.79
ST0306,Imeng,天然石,糖果月光,8.5,0.0,圓珠,綜合,169.0,22.0,2025/12/10,小聰頭,22.0,7.68
ST0280,Imeng,天然石,紫蘇輝石/頑火輝石,9.5,0.0,圓珠,綜合,90.0,1.0,2025/12/10,Rich,1.0,90.0
ST0298,Imeng,天然石,舒俱徠,8.0,0.0,圓珠,綜合,380.0,40.0,2025/12/10,Rich,40.0,9.5
ST0279,Imeng,天然石,虎眼石,8.0,0.0,圓珠,綜合,360.0,23.0,2025/12/10,Rich,23.0,15.65
ST0315,Imeng,天然石,螢石,3.0,0.0,切角,綜合,80.0,120.0,2025/12/10,TB-東吳天然石坊,120.0,0.67
ST0282,Imeng,天然石,金佶瑪瑙,8.0,0.0,圓珠,綜合,108.0,44.0,2025/12/10,小聰頭,44.0,2.45
ST0300,Imeng,天然石,鈦晶(6A),10.0,0.0,圓珠,綜合,250.0,1.0,2025/12/10,永安,1.0,250.0
ST0318,Imeng,天然石,鈦赫茲,3.0,0.0,切角,綜合,80.0,120.0,2025/12/10,TB-東吳天然石坊,120.0,0.67
ST0278,Imeng,天然石,銀髮晶,6.0,0.0,圓珠,綜合,200.0,55.0,2025/12/10,永安,55.0,3.64
ST0281,Imeng,天然石,阿拉善,3.0,0.0,切角,綜合,80.0,130.0,2025/12/10,TB-東吳天然石坊,130.0,0.62
ST0286,Imeng,天然石,阿魯沙,8.5,0.0,圓珠,綜合,528.0,22.0,2025/12/10,小聰頭,22.0,24.0
ST0275,Imeng,天然石,髮晶,8.0,0.0,圓珠,綜合,248.0,48.0,2025/12/10,TB-物物居,48.0,5.17
ST0276,Imeng,天然石,髮晶,8.5,0.0,圓珠,綜合,220.0,50.0,2025/12/10,TB-物物居,50.0,4.4
ST0277,Imeng,天然石,髮晶,10.0,0.0,圓珠,綜合,296.0,39.0,2025/12/10,TB-物物居,39.0,7.59
ST0299,Imeng,天然石,鳳凰松,3.0,0.0,切角,綜合,150.0,140.0,2025/12/10,TB-東吳天然石坊,140.0,1.07
ST0320,Imeng,天然石,冰曜石,3.0,0.0,圓珠,金,100.0,145.0,2025-12-10,小聰頭,145.0,0.6896551724137931
ST0186,Imeng,天然石,奶白晶,7.0,0.0,圓珠,金,71.0,26.0,2025/12/10,小聰頭-千千,26.0,2.73
ST0187,Imeng,天然石,奶白晶,8.0,0.0,圓珠,金,95.0,22.0,2025/12/10,小聰頭-千千,17.0,4.32
ST0188,Imeng,天然石,奶白晶,9.0,0.0,圓珠,金,120.0,21.0,2025/12/10,小聰頭-千千,21.0,5.71
ST0195,Imeng,天然石,白月光,3.0,0.0,切角,金,85.0,140.0,2025-12-14,TB-東吳天然石坊,199.0,0.6697993311036788
ST0196,Imeng,天然石,白月光,7.0,0.0,圓珠,金,79.0,24.0,2025/12/10,小聰頭-小宇,24.0,3.29
ST0197,Imeng,天然石,白月光,7.5,0.0,圓珠,金,0.0,0.0,2025/12/10,XX,0.0,0.0
ST0198,Imeng,天然石,白月光,8.0,0.0,圓珠,金,104.0,22.0,2025/12/10,小聰頭-小宇,22.0,4.73
ST0199,Imeng,天然石,白月光,0.0,0.0,不規則,金,77.0,22.0,2025/12/10,Rich,22.0,3.5
ST0189,Imeng,天然石,白松石,8.0,0.0,圓珠,金,144.0,69.0,2025/12/10,小聰頭-千千,69.0,2.09
ST0170,Imeng,天然石,白水晶,6.0,0.0,圓珠,金,120.0,120.0,2025/12/10,永安,118.0,1.0
ST0171,Imeng,天然石,白水晶,8.0,0.0,圓珠,金,150.0,150.0,2025/12/10,永安,150.0,1.0
ST0172,Imeng,天然石,白水晶,10.0,0.0,圓珠,金,190.0,35.0,2025/12/10,永安,36.0,5.529166666666666
ST0174,Imeng,天然石,白水晶,3.5,0.0,切角,金,110.0,110.0,2025/12/10,Rich,110.0,1.0
ST0175,Imeng,天然石,白水晶,5.5,0.0,切角,金,230.0,90.0,2025/12/10,Rich,160.0,2.8793750000000005
ST0177,Imeng,天然石,白水晶,6.0,0.0,切角,金,180.0,50.0,2025/12/10,永安,156.0,4.188750000000001
ST0180,Imeng,天然石,白水晶,6.0,0.0,鑽切,金,270.0,50.0,2025/12/10,Rich,48.0,5.4
ST0181,Imeng,天然石,白水晶,8.0,0.0,鑽切,金,320.0,45.0,2025/12/10,Rich,45.0,7.11
ST0182,Imeng,天然石,白水晶,12.0,0.0,蹦迪,金,65.0,17.0,2025/12/10,TB-賽維雅珠寶,17.0,3.82
ST0183,Imeng,天然石,白水晶,6.5,0.0,方體,金,25.0,1.0,2025/12/10,Rich,1.0,25.0
ST0184,Imeng,天然石,白水晶,0.0,0.0,不規則,金,38.0,22.0,2025/12/10,小聰頭,22.0,1.73
ST0185,Imeng,天然石,白水晶(爆花),8.0,0.0,圓珠,金,65.0,40.0,2025/12/10,TB-物物居,40.0,1.63
ST0190,Imeng,天然石,白玉髓,8.0,0.0,切角,金,90.0,45.0,2025/12/10,TB-物物居,45.0,2.0
ST0191,Imeng,天然石,白瑪瑙,6.0,0.0,切角,金,150.0,65.0,2025/12/10,永安,65.0,2.31
ST0192,Imeng,天然石,閃靈石,9.5,0.0,圓珠,金水,230.0,10.0,2025/12/10,TB-賽維雅珠寶,10.0,23.0
ST0193,Imeng,天然石,閃靈石,13.0,0.0,圓珠,金水,253.0,5.0,2025/12/10,TB-賽維雅珠寶,5.0,50.6
ST0194,Imeng,天然石,閃靈石,15.0,0.0,圓珠,金水,380.0,5.0,2025/12/10,TB-賽維雅珠寶,5.0,76.0
ST0092,Imeng,天然石,紅瑪瑙,5.0,0.0,圓珠,,95.0,107.0,2025/12/10,小聰頭,107.0,0.89
ST0119,Imeng,天然石,紫水晶,8.0,0.0,圓珠,,296.0,45.0,2025/12/10,TB-物物居,45.0,6.58
AC0241,Imeng,配件,套珠圈-串珠環兔圈-14包金8.5,8.5,0.0,,金,8.0,1.0,2025/12/10,愛你一生,1.0,8.0
AC0242,Imeng,配件,套珠圈-串珠環兔圈-18包金8.5,8.5,0.0,,金,8.0,1.0,2025/12/10,愛你一生,1.0,8.0
AC0240,Imeng,配件,套珠圈-串珠環包珠圈-14包金8,8.0,0.0,,金,8.0,1.0,2025/12/10,Rich,1.0,8.0
AC0245,Imeng,配件,套珠圈-串珠環圓形-14包金8,8.0,0.0,,金,22.0,1.0,2025/12/10,愛你一生,1.0,22.0
AC0246,Imeng,配件,套珠圈-串珠環圓形波浪邊-14包金,6.0,3.8,,金,43.0,10.0,2025/12/10,珍珠包金,10.0,4.3
AC0244,Imeng,配件,套珠圈-串珠環花型-14包金7,7.0,0.0,,金,6.0,1.0,2025/12/10,愛你一生,1.0,6.0
AC0247,Imeng,配件,套珠圈-花邊-14包金11,11.0,0.0,,金,50.0,10.0,2025/12/10,珍珠包金,10.0,5.0
AC0248,Imeng,配件,套珠圈-花邊-14包金9,9.0,0.0,,金,40.0,10.0,2025/12/10,珍珠包金,10.0,4.0
AC0251,Imeng,配件,套珠圈-雷絲花邊-古法金11,11.0,0.0,,金,36.0,10.0,2025/12/10,愛你一生,10.0,3.6
AC0252,Imeng,配件,套珠圈-雷絲花邊-古法金9,9.0,0.0,,金,30.0,10.0,2025/12/10,愛你一生,10.0,3.0
AC0249,Imeng,配件,套珠圈-麥穗圈-14包金10.5,10.5,0.0,,金,14.0,1.0,2025/12/10,珍珠包金,1.0,14.0
AC0250,Imeng,配件,套珠圈-麻花圈-14包金9,9.0,0.0,,金,26.0,10.0,2025/12/10,決益X,10.0,2.6
AC0253,Imeng,配件,套珠圈-齒輪套珠圈-14包金11,11.0,0.0,,金,7.0,1.0,2025/12/10,星辰Crystal,1.0,7.0
AC0254,Imeng,配件,套珠圈-齒輪套珠圈-14包金13,13.0,0.0,,金,8.0,1.0,2025/12/10,星辰Crystal,1.0,8.0
AC0206,Imeng,配件,定位珠-白金2,2.0,0.0,白K金色,金,100.0,800.0,2025/12/10,XX,800.0,0.13
AC0207,Imeng,配件,定位珠-白金2.4,2.4,0.0,白K金色,金,8.0,200.0,2025/12/10,億伙,200.0,0.04
AC0208,Imeng,配件,定位珠-白金2.5,2.5,0.0,白K金色,金,27.0,500.0,2025/12/10,決益X,500.0,0.05
AC0210,Imeng,配件,定位珠金-14包金1.5,1.5,0.0,金-14K包金,金,20.0,100.0,2025/12/10,愛你一生,100.0,0.2
AC0211,Imeng,配件,定位珠金-14包金2,2.0,0.0,金-14K包金,金,1.0,2.0,2025/12/10,星辰Crystal,2.0,0.5
AC0212,Imeng,配件,定位珠金-14包金2.4,2.4,0.0,金-14K包金,金,8.0,200.0,2025/12/10,億伙,200.0,0.04
AC0213,Imeng,配件,定位珠金-14包金2.5,2.5,0.0,金-14K包金,金,44.0,100.0,2025/12/10,愛你一生,600.0,0.115
AC0215,Imeng,配件,定位珠金-14包金3.2,3.2,0.0,金-14K包金,金,8.0,200.0,2025/12/10,億伙,200.0,0.04
AC0216,Imeng,配件,定位珠金-18包金2.4,2.4,0.0,金-18K包金,金,8.0,200.0,2025/12/10,億伙,200.0,0.04
AC0217,Imeng,配件,定位珠金-18包金3.2,3.2,0.0,金-18K包金,金,8.0,200.0,2025/12/10,億伙,200.0,0.04
AC0218,Imeng,配件,定位管金-14包金1.5,1.5,0.0,金-14K包金,金,20.0,100.0,2025/12/10,愛你一生,100.0,0.2
AC0219,Imeng,配件,定位管金-14包金2*2,2.0,2.0,金-14K包金,金,12.0,200.0,2025/12/10,決益X,200.0,0.06
AC0204,Imeng,配件,彎管(光滑),2.0,30.0,彎管,金,7.0,1.0,2025/12/10,Rich,1.0,7.0
AC0193,Imeng,配件,彎管(切角),1.0,20.0,彎管,金,4.0,1.0,2025/12/10,星辰Crystal,2.0,4.0
AC0195,Imeng,配件,彎管(切角),1.5,20.0,彎管,金,31.0,10.0,2025/12/10,愛你一生,10.0,3.1
AC0196,Imeng,配件,彎管(切角),1.5,25.0,彎管,金,31.0,10.0,2025/12/10,愛你一生,10.0,3.1
AC0197,Imeng,配件,彎管(切角),1.5,30.0,彎管,金,4.0,1.0,2025/12/10,星辰Crystal,51.0,2.215686274509804
AC0201,Imeng,配件,彎管(切角),2.0,30.0,彎管,金,37.0,10.0,2025/12/10,愛你一生,11.0,3.727272727272727
AC0203,Imeng,配件,彎管(切角),3.0,35.0,彎管,金,39.0,10.0,2025/12/10,愛你一生,10.0,3.9
AC0259,Imeng,配件,球-毛線球金-14包金5,5.0,0.0,圓球形,金,24.0,10.0,2025/12/10,XX,10.0,2.4
AC0261,Imeng,配件,球-鋯石球金-14包金7,7.0,0.0,圓球形,金,19.0,1.0,2025/12/10,愛你一生,1.0,19.0
AC0262,Imeng,配件,球-鏤空球金-14包金-10,10.0,0.0,圓球形,金,10.0,1.0,2025/12/10,愛你一生,1.0,10.0
AC0263,Imeng,配件,球-鏤空球金-14包金-13,13.0,0.0,,金,20.0,1.0,2025/12/10,TB-Mary,1.0,20.0
AC0264,Imeng,配件,球-鏤空球金-14包金-4,4.0,0.0,圓球形,金,17.0,10.0,2025/12/10,愛你一生,60.0,1.0833333333333333
AC0266,Imeng,配件,球-鏤空球金-14包金-6,6.0,0.0,圓球形,金,23.0,10.0,2025/12/10,愛你一生,10.0,2.3
AC0267,Imeng,配件,球-鏤空球金-14包金-8,8.0,0.0,圓球形,金,13.0,1.0,2025/12/10,XX,2.0,11.5
AC0269,Imeng,配件,球-鏤空球金-14包金-8,8.0,0.0,,金,10.0,1.0,2025/12/10,TB-Mary,1.0,10.0
AC0205,Imeng,配件,羊眼珠托-魚尾平面金-14包金,0.0,0.0,造型,金,23.0,1.0,2025/12/10,珍珠包金,1.0,23.0
AC0225,Imeng,配件,花托-宮廷花托金-14包金08,8.0,0.0,,金,185.0,100.0,2025/12/10,TB-Mary,100.0,1.85
AC0223,Imeng,配件,花托-花帽花托金-14包金05.5,5.5,0.0,,金,72.0,50.0,2025/12/10,愛你一生,50.0,1.44
AC0224,Imeng,配件,花托-花帽花托金-14包金08,8.0,0.0,,金,140.0,100.0,2025/12/10,TB-Mary,100.0,1.4
AC0222,Imeng,配件,花托-花朵花托金-14包金08,8.0,0.0,,金,195.0,100.0,2025/12/10,TB-Mary,100.0,1.95
AC0231,Imeng,配件,花托-鏤空花托心型金-14包金08,8.0,0.0,,金,20.0,10.0,2025/12/10,愛你一生,10.0,2.0
AC0232,Imeng,配件,花托-鏤空花托花型金-14包金08,8.0,0.0,,金,20.0,10.0,2025/12/10,愛你一生,10.0,2.0
AC0233,Imeng,配件,花托-鏤空花托金-14包金06,6.0,0.0,,金,18.0,10.0,2025/12/10,愛你一生,10.0,1.8
AC0230,Imeng,配件,花托-雙頭花托金-14包金06,5.0,6.0,,金,56.0,20.0,2025/12/10,小聰頭,20.0,2.8
AC0192,Imeng,配件,調整珠-鋯石-車輪,8.0,0.0,車輪,金,37.0,1.0,2025/12/10,愛你一生,1.0,37.0
AC0272,Imeng,配件,造型珠-愛心-14包金4.5,4.5,0.0,造型,金,5.0,1.0,2025/12/10,XX,1.0,5.0
AC0273,Imeng,配件,造型珠-愛心-14包金6,6.0,0.0,造型,金,6.0,1.0,2025/12/10,XX,1.0,6.0
AC0271,Imeng,配件,造型珠-桃心-14包金11*9,11.0,9.0,造型,金,26.0,1.0,2025/12/10,XX,1.0,26.0
AC0277,Imeng,配件,造型珠-鋯石-桶珠(型)金-14包金9,9.0,6.0,金-14K包金,金,24.0,10.0,2025/12/10,愛你一生,10.0,2.4
AC0276,Imeng,配件,造型珠-鋯石-桶珠(小)金-14包金6*7,6.0,7.0,金-14K包金,金,24.0,10.0,2025/12/10,愛你一生,10.0,2.4
AC0275,Imeng,配件,造型珠-鋯石-車輪-14包金7,7.0,0.0,車輪,金,16.0,1.0,2025/12/10,愛你一生,1.0,16.0
AC0255,Imeng,配件,針-9針-14包金0.5*20,0.5,20.0,,金,2.0,1.0,2025/12/10,XX,51.0,1.196078431372549
AC0258,Imeng,配件,針-針金-14包金0.6*20,0.6,20.0,,金,2.0,1.0,2025/12/10,XX,1.0,2.0
AC0016,Imeng,配件,隔片-切花,3.0,0.0,,金,72.0,50.0,2025/12/10,愛你一生,100.0,1.24
AC0028,Imeng,配件,隔片-南瓜,6.0,2.0,南瓜,金,66.0,50.0,2025/12/10,愛你一生,50.0,1.32
AC0035,Imeng,配件,隔片-旋轉,5.0,0.0,,金,50.0,55.0,2025/12/10,愛你一生,55.0,0.91
AC0025,Imeng,配件,隔片-花(蜜蠟）,4.0,0.0,金-14K包金,金,79.0,50.0,2025/12/10,愛你一生,50.0,1.58
AC0026,Imeng,配件,隔片-花(蜜蠟）,5.0,0.0,金-14K包金,金,89.0,50.0,2025/12/10,愛你一生,50.0,1.78
AC0027,Imeng,配件,隔片-花(蜜蠟）,6.0,0.0,金-14K包金,金,92.0,50.0,2025/12/10,愛你一生,50.0,1.84
AC0024,Imeng,配件,隔片-車輪,5.0,0.0,金-14K包金,金,55.0,50.0,2025/12/10,愛你一生,50.0,1.1
AC0055,Imeng,配件,隔珠-五葉花雙面,7.0,0.0,,金,84.0,50.0,2025/12/10,愛你一生,50.0,1.68
AC0074,Imeng,配件,隔珠-切花珠,3.0,0.0,,金,106.0,100.0,2025/12/10,愛你一生,100.0,1.06
AC0076,Imeng,配件,隔珠-切花珠,4.0,0.0,,金,134.0,100.0,2025/12/10,愛你一生,100.0,1.34
AC0077,Imeng,配件,隔珠-切花珠,5.0,0.0,,金,183.0,100.0,2025/12/10,愛你一生,100.0,1.83
AC0060,Imeng,配件,隔珠-切角多邊形,2.0,0.0,,金,18.0,10.0,2025/12/10,愛你一生,10.0,1.8
AC0061,Imeng,配件,隔珠-切角多邊形,4.0,0.0,,金,81.0,50.0,2025/12/10,愛你一生,50.0,1.62
AC0058,Imeng,配件,隔珠-切角方形,2.0,0.0,,金,18.0,10.0,2025/12/10,愛你一生,10.0,1.8
AC0059,Imeng,配件,隔珠-切角方形,4.0,0.0,,金,19.0,10.0,2025/12/10,愛你一生,10.0,1.9
AC0062,Imeng,配件,隔珠-切角珠,2.5,0.0,,金,13.0,10.0,2025/12/10,愛你一生,10.0,1.3
AC0063,Imeng,配件,隔珠-切角珠,3.0,0.0,,金,16.0,10.0,2025/12/10,XX,10.0,1.6
AC0064,Imeng,配件,隔珠-切角珠,4.0,0.0,,金,18.0,10.0,2025/12/10,愛你一生,10.0,1.8
AC0065,Imeng,配件,隔珠-切角珠,5.0,0.0,,金,113.0,50.0,2025/12/10,愛你一生,50.0,2.26
AC0079,Imeng,配件,隔珠-切面珠南瓜扁珠,4.8,2.9,,金,26.0,10.0,2025/12/10,珍珠包金,10.0,2.6
AC0110,Imeng,配件,隔珠-南瓜瓜愣,3.0,0.0,,金,40.0,50.0,2025/12/10,TB-Mary,50.0,0.8
AC0111,Imeng,配件,隔珠-南瓜瓜愣,5.0,0.0,,金,70.0,50.0,2025/12/10,TB-Mary,50.0,1.4
AC0112,Imeng,配件,隔珠-南瓜瓜愣,7.0,0.0,,金,105.0,50.0,2025/12/10,TB-Mary,50.0,2.1
AC0113,Imeng,配件,隔珠-南瓜空心,3.0,0.0,,金,16.0,10.0,2025/12/10,愛你一生,10.0,1.6
AC0114,Imeng,配件,隔珠-南瓜空心,4.0,0.0,,金,18.0,10.0,2025/12/10,愛你一生,10.0,1.8
AC0115,Imeng,配件,隔珠-南瓜空心,5.0,0.0,,金,20.0,10.0,2025/12/10,愛你一生,10.0,2.0
AC0116,Imeng,配件,隔珠-南瓜空心,6.0,0.0,,金,22.0,10.0,2025/12/10,愛你一生,10.0,2.2
AC0117,Imeng,配件,隔珠-南瓜空心,8.0,0.0,,金,31.0,1.0,2025/12/10,愛你一生,1.0,31.0
AC0131,Imeng,配件,隔珠-圓珠光面,2.0,0.0,,金,41.0,100.0,2025/12/10,愛你一生,352.0,0.41
AC0135,Imeng,配件,隔珠-圓珠光面,3.0,0.0,,金,45.0,100.0,2025/12/10,愛你一生,300.0,0.4366666666666666
AC0138,Imeng,配件,隔珠-圓珠光面,4.0,0.0,,金,86.0,100.0,2025/12/10,愛你一生,100.0,0.86
AC0139,Imeng,配件,隔珠-圓珠光面,5.0,0.0,,金,117.0,50.0,2025/12/10,愛你一生,100.0,2.44
AC0303,Imeng,配件,隔珠-字母鑲鋯石字母()金-14包金,0.0,0.0,造型-字母,金,26.0,1.0,2025/12/10,愛你一生,1.0,26.0
AC0052,Imeng,配件,隔珠-小米珠,5.0,3.0,,金,111.0,50.0,2025/12/10,愛你一生,50.0,2.22
AC0053,Imeng,配件,隔珠-小米珠,6.0,3.0,,金,84.0,50.0,2025/12/10,愛你一生,50.0,1.68
AC0054,Imeng,配件,隔珠-小米珠,5.0,8.0,,金,84.0,50.0,2025/12/10,愛你一生,50.0,1.68
AC0104,Imeng,配件,隔珠-幸運草珠(四葉草),5.0,0.0,,金,28.0,10.0,2025/12/10,Rich,10.0,2.8
AC0105,Imeng,配件,隔珠-幸運草珠(四葉草),6.0,0.0,,金,5.0,1.0,2025/12/10,Rich,1.0,5.0
AC0106,Imeng,配件,隔珠-幸運草珠(四葉草),8.0,0.0,,金,33.0,10.0,2025/12/10,Rich,10.0,3.3
AC0118,Imeng,配件,隔珠-扁隔片珠,6.0,0.0,,金,85.0,100.0,2025/12/10,TB-Mary,100.0,0.85
AC0081,Imeng,配件,隔珠-打結,4.0,0.0,,金,8.0,1.0,2025/12/10,愛你一生,1.0,8.0
AC0091,Imeng,配件,隔珠-扭珠啞光,5.0,0.0,,金,133.0,50.0,2025/12/10,愛你一生,50.0,2.66
AC0092,Imeng,配件,隔珠-批花圓扁,9.0,3.0,,金,45.0,10.0,2025/12/10,珍珠包金,10.0,4.5
AC0306,Imeng,配件,隔珠-星型鑲鋯金-14包金,8.3,0.0,造型,金,30.0,1.0,2025/12/10,XX,1.0,30.0
AC0087,Imeng,配件,隔珠-梅花珠金-6.5,6.5,0.0,,金,200.0,100.0,2025/12/10,TB-物物居,100.0,2.0
AC0128,Imeng,配件,隔珠-異形,5.7,4.7,,金,30.0,10.0,2025/12/10,TB-天使街,10.0,3.0
AC0130,Imeng,配件,隔珠-異形,7.0,6.0,,金,40.0,10.0,2025/12/10,TB-天使街,10.0,4.0
AC0126,Imeng,配件,隔珠-異形多角,4.0,0.0,,金,105.0,50.0,2025/12/10,TB-Mary,50.0,2.1
AC0083,Imeng,配件,隔珠-立體星球,0.0,0.0,,金,15.0,1.0,2025/12/10,XX,1.0,15.0
AC0150,Imeng,配件,隔珠-算盤珠,3.0,0.0,,金,91.0,50.0,2025/12/10,愛你一生,50.0,1.82
AC0151,Imeng,配件,隔珠-算盤珠,4.0,0.0,,金,102.0,50.0,2025/12/10,愛你一生,50.0,2.04
AC0152,Imeng,配件,隔珠-算盤珠,5.0,0.0,,金,108.0,50.0,2025/12/10,愛你一生,50.0,2.16
AC0154,Imeng,配件,隔珠-算盤珠,6.0,0.0,,金,87.0,50.0,2025/12/10,TB-Mary,50.0,1.74
AC0157,Imeng,配件,隔珠-線圈,6.0,0.0,,金,25.0,10.0,2025/12/10,TB-Mary,20.0,2.5
AC0039,Imeng,配件,隔珠-芒星,5.0,0.0,,金,31.0,10.0,2025/12/10,TB-天使街,10.0,3.1
AC0093,Imeng,配件,隔珠-豆豆四葉草,5.0,0.0,,金,33.0,10.0,2025/12/10,TB-Mary,10.0,3.3
AC0095,Imeng,配件,隔珠-車輪珠,4.0,0.0,車輪,金,80.0,50.0,2025/12/10,TB-Mary,50.0,1.6
AC0096,Imeng,配件,隔珠-車輪珠,5.0,0.0,車輪,金,90.0,50.0,2025/12/10,TB-Mary,50.0,1.8
AC0098,Imeng,配件,隔珠-車輪珠,6.0,0.0,車輪,金,105.0,50.0,2025/12/10,TB-Mary,50.0,2.1
AC0100,Imeng,配件,隔珠-車輪珠,3.0,0.0,,金,45.0,50.0,2025/12/10,TB-Mary,50.0,0.9
AC0101,Imeng,配件,隔珠-車輪珠,5.0,0.0,,金,75.0,50.0,2025/12/10,TB-Mary,50.0,1.5
AC0102,Imeng,配件,隔珠-車輪麻點,6.0,0.0,,金,105.0,100.0,2025/12/10,TB-Mary,100.0,1.05
AC0156,Imeng,配件,隔珠-金珠,6.0,0.0,,金,172.0,100.0,2025/12/10,TB-天使街,100.0,1.72
AC0167,Imeng,配件,隔珠-錢幣,4.0,6.0,,金,49.0,10.0,2025/12/10,愛你一生,10.0,4.9
AC0148,Imeng,配件,隔珠-鐳射珠,3.0,0.0,,金,40.0,50.0,2025/12/10,TB-Mary,50.0,0.8
AC0149,Imeng,配件,隔珠-鐳射珠,5.0,0.0,,金,70.0,50.0,2025/12/10,TB-Mary,50.0,1.4
AC0181,Imeng,配件,隔珠-雙層隔片,4.0,3.0,,金,24.0,10.0,2025/12/10,愛你一生,20.0,2.4
AC0121,Imeng,配件,隔珠-飛碟珠空心,8.0,0.0,,金,4.0,1.0,2025/12/10,TB-Mary,1.0,4.0
AC0125,Imeng,配件,隔珠-骨頭,9.0,3.0,,金,27.0,10.0,2025/12/10,愛你一生,10.0,2.7
AC0307,Imeng,配件,隔珠-魚尾鋯石金-14包金,0.0,0.0,造型,金,18.0,1.0,2025/12/10,珍珠包金,1.0,18.0
AC0185,Imeng,配件,隔珠-麵包珠,5.0,3.0,,金,62.0,10.0,2025/12/10,愛你一生,10.0,6.2
AC0043,Imeng,配件,隔珠-麻花,3.0,6.0,,金,67.0,50.0,2025/12/10,愛你一生,150.0,1.1466666666666667
AC0160,Imeng,配件,隔珠-齒輪,2.0,4.0,,金,67.0,50.0,2025/12/10,愛你一生,50.0,1.34
AC0161,Imeng,配件,隔珠-齒輪,3.0,7.0,,金,81.0,50.0,2025/12/10,愛你一生,50.0,1.62
AC0164,Imeng,配件,隔珠-齒輪桶珠沙漏,5.0,4.0,,金,28.0,10.0,2025/12/10,愛你一生,60.0,1.933333333333333
AC0166,Imeng,配件,隔珠-齒輪桶珠沙漏,3.0,7.0,,金,81.0,50.0,2025/12/10,愛你一生,50.0,1.62
AC0088,Imeng,配件,隔珠-花紋珠玫金-玫金3,3.0,0.0,,金-玫瑰金,50.0,50.0,2025/12/10,TB-物物居,50.0,1.0
AC0089,Imeng,配件,隔珠-花紋珠玫金-玫金4,4.0,0.0,,金-玫瑰金,75.0,50.0,2025/12/10,TB-物物居,50.0,1.5
AC0209,Imeng,配件,定位珠-白金3.2,3.2,0.0,白K金色,金-白K金,8.0,200.0,2025/12/10,億伙,200.0,0.04
AC0199,Imeng,配件,彎管(切角),1.5,30.0,彎管,金-白K金,109.0,50.0,2025/12/10,億伙,50.0,2.18
AC0200,Imeng,配件,彎管(切角),2.0,30.0,彎管,金-白K金,4.0,1.0,2025/12/10,星辰Crystal,1.0,4.0
AC0001,Imeng,配件,開口圈,4.0,0.6,,金-銅,50.0,100.0,2025/12/10,珍珠包金,100.0,0.5
AC0002,Imeng,配件,開口圈,4.0,0.7,,金-銅,6.0,200.0,2025/12/10,億伙,400.0,0.03
AC0243,Imeng,配件,套珠圈-串珠環兔圈-保色銀8.5,8.5,0.0,,銀,8.0,1.0,2025/12/10,愛你一生,1.0,8.0
AC0260,Imeng,配件,球-毛線球銀-保色銀5,5.0,0.0,圓球形,銀,10.0,24.0,2025/12/10,愛你一生,22.0,0.42
AC0270,Imeng,配件,球-鏤空球銀-保色銀4,4.0,0.0,圓球形,銀,59.0,50.0,2025/12/10,愛你一生,50.0,1.18
AC0220,Imeng,配件,花托-太陽花托銀-保色銀07,7.0,0.0,,銀,39.0,50.0,2025/12/10,小聰頭,48.0,0.78
AC0226,Imeng,配件,花托-實心花托銀-保色銀07,7.0,0.0,,銀,39.0,50.0,2025/12/10,小聰頭,50.0,0.78
AC0227,Imeng,配件,花托-雙面花托銀-白金08,5.0,8.0,,銀,8.0,1.0,2025/12/10,TB-天使街,1.0,8.0
AC0228,Imeng,配件,花托-雙面花托銀-白金09,7.0,9.0,,銀,10.0,1.0,2025/12/10,TB-天使街,1.0,10.0
AC0229,Imeng,配件,花托-雙面花托銀-銀08,5.0,8.0,,銀,8.0,1.0,2025/12/10,TB-天使街,1.0,8.0
AC0191,Imeng,配件,調整珠-光面圓珠,6.0,0.0,圓珠,銀,65.0,20.0,2025/12/10,小聰頭,20.0,3.25
AC0004,Imeng,配件,開口圈,4.0,0.7,,銀,6.0,200.0,2025/12/10,億伙,200.0,0.03
AC0018,Imeng,配件,隔片-切花,3.0,0.0,,銀,69.0,50.0,2025/12/10,愛你一生,50.0,1.38
AC0019,Imeng,配件,隔片-切花,4.0,0.0,白K金色,銀,80.0,50.0,2025/12/10,愛你一生,50.0,1.6
AC0020,Imeng,配件,隔片-切花,5.0,0.0,白K金色,銀,92.0,50.0,2025/12/10,愛你一生,100.0,1.77
AC0022,Imeng,配件,隔片-切花,5.0,0.0,,銀,62.0,50.0,2025/12/10,愛你一生,50.0,1.24
AC0015,Imeng,配件,隔片-小碎隔片,3.0,0.0,,銀,25.0,10.0,2025/12/10,愛你一生,10.0,2.5
AC0036,Imeng,配件,隔片-旋轉,5.0,0.0,,銀,57.0,50.0,2025/12/10,XX,100.0,1.12
AC0049,Imeng,配件,隔片-藏銀,5.0,0.0,,銀,49.0,100.0,2025/12/10,TB-義烏卡樂芙,100.0,0.49
AC0050,Imeng,配件,隔片-藏銀,8.0,0.0,,銀,66.0,100.0,2025/12/10,TB-義烏卡樂芙,100.0,0.66
AC0051,Imeng,配件,隔片-藏銀(I),8.0,5.0,,銀,136.0,100.0,2025/12/10,TB-義烏卡樂芙,100.0,1.36
AC0029,Imeng,配件,隔片-雪花,5.0,0.0,,銀,140.0,100.0,2025/12/10,TB-天使街,100.0,1.4
AC0030,Imeng,配件,隔片-雪花,6.0,0.0,,銀,58.0,50.0,2025/12/10,TB-義烏卡樂芙,143.0,1.3687919463087248
AC0033,Imeng,配件,隔片-飛碟片,5.0,0.0,造型-飛碟,銀,92.0,50.0,2025/12/10,,50.0,1.84
AC0034,Imeng,配件,隔片-飛碟片,8.0,0.0,造型-飛碟,銀,48.0,50.0,2025/12/10,TB-義烏卡樂芙,50.0,0.96
AC0042,Imeng,配件,隔珠-五葉花,7.0,0.0,,銀,125.0,50.0,2025/12/10,TB-天使街,50.0,2.5
AC0066,Imeng,配件,隔珠-切花珠,2.5,0.0,,銀,71.0,100.0,2025/12/10,愛你一生,100.0,0.71
AC0067,Imeng,配件,隔珠-切花珠,3.0,0.0,,銀,76.0,100.0,2025/12/10,愛你一生,181.0,0.72
AC0070,Imeng,配件,隔珠-切花珠,4.0,0.0,,銀,75.0,100.0,2025/12/10,TB-天使街,100.0,0.75
AC0072,Imeng,配件,隔珠-切花珠,5.0,0.0,,銀,70.0,50.0,2025/12/10,TB-Mary,98.0,1.84
AC0075,Imeng,配件,隔珠-切花珠,0.0,0.0,,銀,89.0,100.0,2025/12/10,TB-天使街,100.0,0.89
AC0071,Imeng,配件,隔珠-切花珠-保色銀5,5.0,0.0,,銀,113.0,100.0,2025/12/10,愛你一生,98.0,1.13
AC0094,Imeng,配件,隔珠-墊片隔珠銀-銀6,6.0,0.0,,銀,80.0,50.0,2025/12/10,TB-物物居,50.0,1.6
AC0103,Imeng,配件,隔珠-幸運草珠(四葉草)白-6.5,6.5,0.0,,銀,200.0,100.0,2025/12/10,TB-物物居,100.0,2.0
AC0127,Imeng,配件,隔珠-異形,5.7,4.7,,銀,30.0,10.0,2025/12/10,TB-天使街,10.0,3.0
AC0129,Imeng,配件,隔珠-異形,7.0,6.0,,銀,40.0,10.0,2025/12/10,TB-天使街,10.0,4.0
AC0040,Imeng,配件,隔珠-芒星,5.0,0.0,,銀,31.0,10.0,2025/12/10,TB-天使街,20.0,3.1
AC0168,Imeng,配件,隔珠-藏銀(A款),8.0,0.0,,銀,58.0,50.0,2025/12/10,TB-義烏卡樂芙,50.0,1.16
AC0169,Imeng,配件,隔珠-藏銀(G款),7.0,0.0,,銀,62.0,50.0,2025/12/10,TB-義烏卡樂芙,50.0,1.24
AC0170,Imeng,配件,隔珠-藏銀(I款),5.0,0.0,,銀,51.0,50.0,2025/12/10,TB-義烏卡樂芙,50.0,1.02
AC0171,Imeng,配件,隔珠-藏銀(I款),8.0,0.0,,銀,135.0,100.0,2025/12/10,TB-義烏卡樂芙,100.0,1.35
AC0172,Imeng,配件,隔珠-藏銀(P款),5.0,0.0,,銀,49.0,50.0,2025/12/10,TB-義烏卡樂芙,50.0,0.98
AC0173,Imeng,配件,隔珠-藏銀(R款),5.0,0.0,,銀,49.0,50.0,2025/12/10,TB-義烏卡樂芙,50.0,0.98
AC0174,Imeng,配件,隔珠-藏銀(S款),5.0,7.5,,銀,58.0,50.0,2025/12/10,TB-義烏卡樂芙,50.0,1.16
AC0097,Imeng,配件,隔珠-車輪珠,5.0,0.0,車輪,銀,20.0,10.0,2025/12/10,TB-天使街,10.0,2.0
AC0099,Imeng,配件,隔珠-車輪珠,6.0,0.0,,銀,21.0,10.0,2025/12/10,TB-天使街,10.0,2.1
AC0048,Imeng,配件,隔珠-鑲鋯圈白金7.5,7.5,0.0,,銀,225.0,20.0,2025/12/10,TB-物物居,20.0,11.25
AC0183,Imeng,配件,隔珠-雙層隔片,5.0,0.0,,銀,92.0,100.0,2025/12/10,TB-義烏卡樂芙,100.0,0.92
AC0184,Imeng,配件,隔珠-雙層隔片,6.0,0.0,,銀,110.0,100.0,2025/12/10,TB-義烏卡樂芙,100.0,1.1
AC0176,Imeng,配件,隔珠-雙層隔珠,4.0,3.0,,銀,15.0,10.0,2025/12/10,TB-天使街,44.0,2.04
AC0038,Imeng,配件,隔珠-飛碟珠,4.0,2.0,,銀,45.0,50.0,2025/12/10,TB-天使街,50.0,0.9
AC0046,Imeng,配件,隔珠-麻花鑲鋯,8.0,0.0,,銀,20.0,10.0,2025/12/10,TB-天使街,20.0,1.95
AC0045,Imeng,配件,隔珠-麻花閉口圈,6.0,0.0,,銀,60.0,50.0,2025/12/10,TB-物物居,50.0,1.2
AC0162,Imeng,配件,隔珠-齒輪飛碟,4.0,0.0,,銀,50.0,50.0,2025/12/10,TB-天使街,50.0,1.0
AC0007,Imeng,配件,碎銀-三角,3.5,0.0,3角,銀-925,7.0,1.0,2025/12/10,TB-銀拍檔,1.0,7.0
AC0008,Imeng,配件,碎銀-三角加厚,3.0,0.0,3角,銀-925,6.0,1.0,2025/12/10,TB-銀拍檔,1.0,6.0
AC0009,Imeng,配件,碎銀-三角厚圓,3.0,0.0,3角,銀-925,5.0,1.0,2025/12/10,TB-銀拍檔,1.0,5.0
AC0010,Imeng,配件,碎銀-不規則,0.0,0.0,不規則,銀-925,8.0,1.0,2025/12/10,TB-銀拍檔,1.0,8.0
AC0011,Imeng,配件,碎銀-四方,1.7,0.0,四方,銀-925,36.0,40.0,2025/12/10,TB-銀拍檔,40.0,0.9
AC0012,Imeng,配件,碎銀-四方,3.0,0.0,四方,銀-925,5.0,1.0,2025/12/10,TB-銀拍檔,1.0,5.0
AC0013,Imeng,配件,碎銀-多面體,0.0,0.0,多面體,銀-925,310.0,52.0,2025/12/10,TB-廣州小銀子,52.0,5.96
AC0014,Imeng,配件,碎銀-隨行,3.0,4.0,小號,銀-925,300.0,33.0,2025/12/10,TB-廣州小銀子,33.0,9.09
AC0274,Imeng,配件,造型珠-愛心桶珠-粉5.8,5.8,0.0,桶珠,銀-925,55.0,1.0,2025/12/10,福祿壽銀飾,1.0,55.0
AC0279,Imeng,配件,造型珠銀-六字箴言-復古銀8.4*7,8.4,7.0,桶珠,銀-925,50.0,1.0,2025/12/10,福祿壽銀飾,1.0,50.0
AC0280,Imeng,配件,造型珠銀-六字箴言-復古銀8.9*13.6,8.9,13.6,桶珠,銀-925,70.0,1.0,2025/12/10,福祿壽銀飾,1.0,70.0
AC0281,Imeng,配件,造型珠銀-六字箴言-復古銀8.9*13.6,8.9,13.6,圓珠,銀-925,13.0,1.0,2025/12/10,Rich,1.0,13.0
AC0282,Imeng,配件,造型珠銀-六字箴言-藏銀10*8,10.0,8.0,桶珠,銀-925,13.0,1.0,2025/12/10,TB-義烏卡樂芙,1.0,13.0
AC0283,Imeng,配件,造型珠銀-六字箴言-藏銀11*13,11.0,13.0,桶珠,銀-925,19.0,1.0,2025/12/10,TB-義烏卡樂芙,1.0,19.0
AC0284,Imeng,配件,造型珠銀-六字箴言-藏銀4*5,4.0,5.0,圓珠,銀-925,13.0,1.0,2025/12/10,Rich,1.0,13.0
AC0285,Imeng,配件,造型珠銀-六字箴言-藏銀7.5*15.5,7.5,15.5,桶珠,銀-925,1.0,14.0,2025/12/10,TB-義烏卡樂芙,14.0,0.07
AC0286,Imeng,配件,造型珠銀-六字箴言-藏銀8*7,8.0,7.0,桶珠,銀-925,190.0,1.0,2025/12/10,Rich,51.0,9.607843137254902
AC0278,Imeng,配件,造型珠銀-十字架泰銀4.8*6,4.8,6.0,桶珠,銀-925,20.0,1.0,2025/12/10,福祿壽銀飾,1.0,20.0
AC0289,Imeng,配件,造型珠銀-四葉草粉-銀925/5.8,5.8,0.0,桶珠,銀-925,55.0,1.0,2025/12/10,福祿壽銀飾,1.0,55.0
AC0288,Imeng,配件,造型珠銀-四葉草紅-銀925/5.8,5.8,0.0,桶珠,銀-925,55.0,1.0,2025/12/10,福祿壽銀飾,1.0,55.0
AC0298,Imeng,配件,造型珠銀-復古花朵-純銀925/6,6.0,0.0,純銀925,銀-925,24.0,1.0,2025/12/10,福祿壽銀飾,1.0,24.0
AC0299,Imeng,配件,造型珠銀-愛心鎖扣+鑰匙-純銀925/10*10,10.0,10.0,純銀925,銀-925,285.0,1.0,2025/12/10,寶城水晶,1.0,285.0
AC0294,Imeng,配件,造型珠銀-招財納福-藏銀7.5*7,7.5,7.0,桶珠,銀-925,90.0,1.0,2025/12/10,Rich,1.0,90.0
AC0297,Imeng,配件,造型珠銀-條紋5.3*5.1,5.3,5.1,桶珠,銀-925,30.0,1.0,2025/12/10,福祿壽銀飾,1.0,30.0
AC0290,Imeng,配件,造型珠銀-米奇頭-純銀925/10*12,10.0,12.0,純銀925,銀-925,300.0,1.0,2025/12/10,寶城水晶,1.0,300.0
AC0291,Imeng,配件,造型珠銀-米妮圓頭紫蝴蝶結-純銀925/10,10.0,0.0,純銀925,銀-925,300.0,1.0,2025/12/10,寶城水晶,1.0,300.0
AC0292,Imeng,配件,造型珠銀-米妮頭紫蝴蝶結-純銀925/10*12,10.0,12.0,純銀925,銀-925,300.0,1.0,2025/12/10,寶城水晶,1.0,300.0
AC0300,Imeng,配件,造型珠銀-編織-泰銀5.9*4.2,5.9,4.2,桶珠,銀-925,20.0,1.0,2025/12/10,福祿壽銀飾,1.0,20.0
AC0295,Imeng,配件,造型珠銀-花紋-泰銀4.7*8.9,4.7,8.9,桶珠,銀-925,30.0,1.0,2025/12/10,福祿壽銀飾,1.0,30.0
AC0293,Imeng,配件,造型珠銀-車輪珠-純銀925/7.5,7.5,0.0,純銀925,銀-925,43.0,1.0,2025/12/10,御金坊,1.0,43.0
AC0296,Imeng,配件,造型珠銀-金錢管-純銀925/5*5,5.0,5.0,純銀925,銀-925,20.0,1.0,2025/12/10,御金坊,1.0,20.0
AC0005,Imeng,配件,開口圈,3.7,0.0,,銀-925,25.0,10.0,2025/12/10,TB-慶和銀飾,10.0,2.5
AC0006,Imeng,配件,開口圈,4.0,0.7,,銀-925,6.0,200.0,2025/12/10,億伙,200.0,0.03
AC0023,Imeng,配件,隔片-手打,5.0,2.0,隔珠,銀-925,22.0,1.0,2025/12/10,Rich,1.0,22.0
AC0109,Imeng,配件,隔珠-南瓜,7.8,7.5,造型,銀-925,72.0,1.0,2025/12/10,Rich,1.0,72.0
AC0141,Imeng,配件,隔珠-圓珠光面,4.0,0.0,圓珠,銀-925,230.0,46.0,2025/12/10,寶城水晶,46.0,5.0
AC0142,Imeng,配件,隔珠-圓珠光面,5.0,0.0,圓珠,銀-925,400.0,50.0,2025/12/10,TB-慶和銀飾,50.0,8.0
AC0143,Imeng,配件,隔珠-圓珠光面,6.0,0.0,圓珠,銀-925,225.0,30.0,2025/12/10,寶城水晶,30.0,7.5
AC0153,Imeng,配件,隔珠-算盤珠,4.5,0.0,,銀-925,4.0,1.0,2025/12/10,福祿壽銀飾,1.0,4.0
AC0221,Imeng,配件,花托-四心花托銀-保色銀08.5,8.5,0.0,,銀-保色銀,55.0,50.0,2025/12/10,TB-Mary,50.0,1.1
AC0234,Imeng,配件,花托-鏤空花托銀A,6.0,0.0,,銀-保色銀,95.0,50.0,2025/12/10,TB-Mary,50.0,1.9
AC0238,Imeng,配件,花托-鏤空花托銀A,8.0,0.0,,銀-保色銀,28.0,10.0,2025/12/10,TB-Mary,10.0,2.8
AC0235,Imeng,配件,花托-鏤空花托銀B,6.0,0.0,,銀-保色銀,95.0,50.0,2025/12/10,TB-Mary,50.0,1.9
AC0236,Imeng,配件,花托-鏤空花托銀C,6.0,0.0,,銀-保色銀,0.0,0.0,2025/12/10,XX,0.0,0.0
AC0239,Imeng,配件,花托-鏤空花托銀C,8.0,0.0,,銀-保色銀,28.0,10.0,2025/12/10,XX,8.0,2.8
AC0237,Imeng,配件,花托-鏤空花托銀D,6.0,0.0,,銀-保色銀,25.0,10.0,2025/12/10,TB-Mary,10.0,2.5
AC0056,Imeng,配件,隔珠-六角,3.0,0.0,,銀-保色銀,110.0,100.0,2025/12/10,TB-Mary,100.0,1.1
AC0120,Imeng,配件,隔珠-扁片,6.0,0.0,,銀-保色銀,85.0,50.0,2025/12/10,TB-天使街,50.0,1.7
AC0119,Imeng,配件,隔珠-扁隔片珠,6.0,0.0,,銀-保色銀,85.0,100.0,2025/12/10,TB-Mary,94.0,0.85
AC0090,Imeng,配件,隔珠-扭珠,5.0,4.0,,銀-保色銀,70.0,50.0,2025/12/10,TB-Mary,50.0,1.4
AC0086,Imeng,配件,隔珠-梅花珠白-6.5,6.5,0.0,,銀-保色銀,200.0,100.0,2025/12/10,TB-物物居,98.0,2.0
AC0107,Imeng,配件,隔珠-波浪圓形,6.0,0.0,,銀-保色銀,45.0,10.0,2025/12/10,TB-Mary,20.0,3.7
AC0057,Imeng,配件,隔珠-波點珠,8.0,0.0,,銀-保色銀,100.0,50.0,2025/12/10,TB-天使街,46.0,2.0
AC0082,Imeng,配件,隔珠-立體星球,0.0,0.0,,銀-保色銀,15.0,1.0,2025/12/10,TB-Mary,1.0,15.0
AC0159,Imeng,配件,隔珠-線圈,6.0,0.0,,銀-保色銀,25.0,10.0,2025/12/10,TB-Mary,10.0,2.5
AC0084,Imeng,配件,隔珠-麻花,6.0,0.0,,銀-保色銀,158.0,20.0,2025/12/10,TB-義烏卡樂芙,20.0,7.9
AC0085,Imeng,配件,隔珠-麻花閉口圈,6.0,0.0,,銀-保色銀,52.0,50.0,2025/12/10,TB-物物居,50.0,1.04
AC0163,Imeng,配件,隔珠-齒輪(雙層),8.0,0.0,,銀-保色銀,49.0,50.0,2025/12/10,TB-義烏卡樂芙,50.0,0.98
AC0301,Imeng,配件,隔珠--6角珠-66銅-銅色,4.7,0.0,,銅,66.0,20.0,2025/12/10,昇輝,20.0,3.3
AC0186,Imeng,配件,隔珠--W015,3.0,2.5,,銅,22.0,20.0,2025/12/10,昇輝,20.0,1.1
AC0187,Imeng,配件,隔珠-2.5,2.5,0.0,,銅,22.0,20.0,2025/12/10,昇輝,20.0,1.1
AC0189,Imeng,配件,隔珠-3,3.0,0.0,,銅,11.0,20.0,2025/12/10,昇輝,20.0,0.55
AC0188,Imeng,配件,隔珠-3.5,3.5,0.0,,銅,66.0,20.0,2025/12/10,昇輝,20.0,3.3
AC0190,Imeng,配件,隔珠-W-4,4.0,2.0,,銅,33.0,20.0,2025/12/10,昇輝,20.0,1.65
AC0175,Imeng,配件,隔珠-壓線-6*2,6.0,2.0,,銅,66.0,20.0,2025/12/10,昇輝,20.0,3.3
AC0080,Imeng,配件,隔珠-方W2,2.0,2.0,,銅,16.0,20.0,2025/12/10,昇輝,20.0,0.8
AC0302,Imeng,配件,隔珠-方塊圓角銅-2.5*2.5,2.5,2.5,,銅,22.0,20.0,2025/12/10,昇輝,20.0,1.1
AC0304,Imeng,配件,隔珠-米粒珠銅-銅色2*4,2.0,4.0,,銅,55.0,100.0,2025/12/10,昇輝,100.0,0.55
AC0305,Imeng,配件,隔珠-米粒珠銅-銅色3.3*5,3.3,5.0,,銅,66.0,100.0,2025/12/10,昇輝,100.0,0.66
AC0123,Imeng,配件,隔珠-紐珠3,3.0,0.0,銅,銅,55.0,20.0,2025/12/10,昇輝,20.0,2.75
AC0122,Imeng,配件,隔珠-紐珠3.5切邊線,3.5,7.0,銅,銅,66.0,20.0,2025/12/10,昇輝,20.0,3.3
AC0124,Imeng,配件,隔珠-紐珠5,5.0,0.0,銅,銅,66.0,20.0,2025/12/10,昇輝,20.0,3.3
AC0155,Imeng,配件,隔珠-銅珠-6,6.0,0.0,,銅,44.0,20.0,2025/12/10,昇輝,20.0,2.2
AC0144,Imeng,配件,隔珠-圓珠光面,4.0,0.0,圓珠,鋼,40.0,100.0,2025/12/10,TB-鈦鋼潮牌,100.0,0.4
AC0145,Imeng,配件,隔珠-圓珠光面,5.0,0.0,圓珠,鋼,45.0,100.0,2025/12/10,TB-鈦鋼潮牌,150.0,1.1466666666666667
AC0146,Imeng,配件,隔珠-圓珠光面,6.0,0.0,圓珠,鋼,50.0,100.0,2025/12/10,TB-鈦鋼潮牌,100.0,0.5
AC0257,Imeng,配件,針-9針-鈦鋼0.7*40,0.7,40.0,,鋼-數字珠,13.0,100.0,2025/12/10,億伙,100.0,0.13
AC0078,Imeng,配件,隔珠-貓眼批花珠-14包金4,4.0,0.0,,,58.0,50.0,2025/12/10,TB-Mary,50.0,1.16
NU0030,Imeng,配件-數字,數字珠-0號,3.0,3.0,方塊,金-玫瑰金,4.6,1.0,2025/12/10,TB-鈦鋼潮牌,1.0,4.6
NU0040,Imeng,配件-數字,數字珠-0號,4.0,4.0,方塊,金-玫瑰金,7.5,1.0,2025/12/10,TB-鈦鋼潮牌,1.0,7.5
NU0021,Imeng,配件-數字,數字珠-1號,3.0,3.0,方塊,金-玫瑰金,4.6,1.0,2025/12/10,TB-鈦鋼潮牌,72.0,4.6
NU0031,Imeng,配件-數字,數字珠-1號,4.0,4.0,方塊,金-玫瑰金,7.5,1.0,2025/12/10,TB-鈦鋼潮牌,1.0,7.5
NU0022,Imeng,配件-數字,數字珠-2號,3.0,3.0,方塊,金-玫瑰金,4.6,1.0,2025/12/10,TB-鈦鋼潮牌,1.0,4.6
NU0032,Imeng,配件-數字,數字珠-2號,4.0,4.0,方塊,金-玫瑰金,7.5,1.0,2025/12/10,TB-鈦鋼潮牌,1.0,7.5
NU0023,Imeng,配件-數字,數字珠-3號,3.0,3.0,方塊,金-玫瑰金,4.6,1.0,2025/12/10,TB-鈦鋼潮牌,1.0,4.6
NU0033,Imeng,配件-數字,數字珠-3號,4.0,4.0,方塊,金-玫瑰金,7.5,1.0,2025/12/10,TB-鈦鋼潮牌,1.0,7.5
NU0024,Imeng,配件-數字,數字珠-4號,3.0,3.0,方塊,金-玫瑰金,4.6,1.0,2025/12/10,TB-鈦鋼潮牌,1.0,4.6
NU0034,Imeng,配件-數字,數字珠-4號,4.0,4.0,方塊,金-玫瑰金,7.5,1.0,2025/12/10,TB-鈦鋼潮牌,1.0,7.5
NU0025,Imeng,配件-數字,數字珠-5號,3.0,3.0,方塊,金-玫瑰金,4.6,1.0,2025/12/10,TB-鈦鋼潮牌,1.0,4.6
NU0035,Imeng,配件-數字,數字珠-5號,4.0,4.0,方塊,金-玫瑰金,7.5,1.0,2025/12/10,TB-鈦鋼潮牌,1.0,7.5
NU0026,Imeng,配件-數字,數字珠-6號,3.0,3.0,方塊,金-玫瑰金,4.6,1.0,2025/12/10,TB-鈦鋼潮牌,1.0,4.6
NU0036,Imeng,配件-數字,數字珠-6號,4.0,4.0,方塊,金-玫瑰金,7.5,1.0,2025/12/10,TB-鈦鋼潮牌,1.0,7.5
NU0027,Imeng,配件-數字,數字珠-7號,3.0,3.0,方塊,金-玫瑰金,4.6,1.0,2025/12/10,TB-鈦鋼潮牌,1.0,4.6
NU0037,Imeng,配件-數字,數字珠-7號,4.0,4.0,方塊,金-玫瑰金,7.5,1.0,2025/12/10,TB-鈦鋼潮牌,1.0,7.5
NU0028,Imeng,配件-數字,數字珠-8號,3.0,3.0,方塊,金-玫瑰金,4.6,1.0,2025/12/10,TB-鈦鋼潮牌,1.0,4.6
NU0038,Imeng,配件-數字,數字珠-8號,4.0,4.0,方塊,金-玫瑰金,7.5,1.0,2025/12/10,TB-鈦鋼潮牌,1.0,7.5
NU0029,Imeng,配件-數字,數字珠-9號,3.0,3.0,方塊,金-玫瑰金,4.6,1.0,2025/12/10,TB-鈦鋼潮牌,1.0,4.6
NU0039,Imeng,配件-數字,數字珠-9號,4.0,4.0,方塊,金-玫瑰金,7.5,1.0,2025/12/10,TB-鈦鋼潮牌,1.0,7.5
NU0019,Imeng,配件-數字,數字珠-0號,3.0,3.0,方塊,鋼,4.6,1.0,2025/12/10,TB-鈦鋼潮牌,1.0,4.6
NU0020,Imeng,配件-數字,數字珠-0號,4.0,4.0,方塊,鋼,5.0,1.0,2025/12/10,TB-鈦鋼潮牌,0.0,5.0
NU0041,Imeng,配件-數字,數字珠-124875,4.0,7.0,長柱,鋼,5.1,1.0,2025/12/10,TB-鈦鋼潮牌,1.0,5.1
NU0001,Imeng,配件-數字,數字珠-1號,3.0,3.0,方塊,金,4.6,1.0,2025/12/10,TB-鈦鋼潮牌,42.0,4.6
NU0002,Imeng,配件-數字,數字珠-1號,4.0,4.0,方塊,鋼,5.0,1.0,2025/12/10,TB-鈦鋼潮牌,1.0,5.0
NU0003,Imeng,配件-數字,數字珠-2號,3.0,3.0,方塊,鋼,4.6,1.0,2025/12/10,TB-鈦鋼潮牌,1.0,4.6
NU0004,Imeng,配件-數字,數字珠-2號,4.0,4.0,方塊,鋼,5.0,1.0,2025/12/10,TB-鈦鋼潮牌,1.0,5.0
NU0005,Imeng,配件-數字,數字珠-3號,3.0,3.0,方塊,鋼,4.6,1.0,2025/12/10,TB-鈦鋼潮牌,1.0,4.6
NU0006,Imeng,配件-數字,數字珠-3號,4.0,4.0,方塊,鋼,5.0,1.0,2025/12/10,TB-鈦鋼潮牌,0.0,5.0
NU0007,Imeng,配件-數字,數字珠-4號,3.0,3.0,方塊,鋼,4.6,1.0,2025/12/10,TB-鈦鋼潮牌,1.0,4.6
NU0008,Imeng,配件-數字,數字珠-4號,4.0,4.0,方塊,鋼,5.0,1.0,2025/12/10,TB-鈦鋼潮牌,-1.0,5.0
NU0009,Imeng,配件-數字,數字珠-5號,3.0,3.0,方塊,金,4.6,1.0,2025/12/10,TB-鈦鋼潮牌,48.0,4.6
NU0010,Imeng,配件-數字,數字珠-5號,4.0,4.0,方塊,鋼,5.0,1.0,2025/12/10,TB-鈦鋼潮牌,1.0,5.0
NU0011,Imeng,配件-數字,數字珠-6號,3.0,3.0,方塊,金,4.6,1.0,2025/12/10,TB-鈦鋼潮牌,46.0,4.6
NU0012,Imeng,配件-數字,數字珠-6號,4.0,4.0,方塊,鋼,5.0,1.0,2025/12/10,TB-鈦鋼潮牌,1.0,5.0
NU0013,Imeng,配件-數字,數字珠-7號,3.0,3.0,方塊,金,4.6,1.0,2025/12/10,TB-鈦鋼潮牌,59.0,4.6
NU0014,Imeng,配件-數字,數字珠-7號,4.0,4.0,方塊,鋼,5.0,1.0,2025/12/10,TB-鈦鋼潮牌,-1.0,5.0
NU0015,Imeng,配件-數字,數字珠-8號,3.0,3.0,方塊,金,4.6,1.0,2025/12/10,TB-鈦鋼潮牌,5.0,4.6
NU0016,Imeng,配件-數字,數字珠-8號,4.0,4.0,方塊,鋼,5.0,1.0,2025/12/10,TB-鈦鋼潮牌,0.0,5.0
NU0017,Imeng,配件-數字,數字珠-9號,3.0,3.0,方塊,鋼,4.6,1.0,2025/12/10,TB-鈦鋼潮牌,1.0,4.6
NU0018,Imeng,配件-數字,數字珠-9號,4.0,4.0,方塊,鋼,5.0,1.0,2025/12/10,TB-鈦鋼潮牌,-1.0,5.0
AC0004,Imeng,配件-釦,釦-光面-14包金4,4.0,0.0,光面,金,68.0,50.0,2025/12/10,TB-Mary,50.0,1.36
AC0003,Imeng,配件-釦,釦-光面-14包金4*8,4.0,8.0,光面,金,18.0,20.0,2025/12/10,TB-鈦鋼潮牌,20.0,0.9
AC0001,Imeng,配件-釦,釦-圓球形-14包金3.5,3.5,0.0,圓球形,金,32.0,10.0,2025/12/10,珍珠包金,10.0,3.2
AC0031,Imeng,配件-釦,釦-扣(月牙扣),4.0,0.0,南瓜紋,金,70.0,50.0,2025/12/10,TB-Mary,100.0,1.4
AC0032,Imeng,配件-釦,釦-扣(月牙扣),5.0,0.0,南瓜紋,金,80.0,50.0,2025/12/10,TB-Mary,200.0,1.6
AC0011,Imeng,配件-釦,釦-按扣金-14包金3.2,3.2,0.0,,金,40.0,10.0,2025/12/10,TB-Mary,10.0,4.0
AC0012,Imeng,配件-釦,釦-按扣金-18包金3.2,3.2,0.0,,金,40.0,10.0,2025/12/10,TB-Mary,10.0,4.0
AC0002,Imeng,配件-釦,釦-貝殼形-14包金3.5,3.5,0.0,貝殼形,金,32.0,10.0,2025/12/10,珍珠包金,10.0,3.2
AC0018,Imeng,配件-釦,釦-馬蹄釦(型扣),4.0,5.0,U型,金,21.0,10.0,2025/12/10,珍珠包金,10.0,2.1
AC0019,Imeng,配件-釦,釦-馬蹄釦(型扣),4.5,4.5,U型,金,10.0,10.0,2025/12/10,小聰頭,20.0,1.0
AC0014,Imeng,配件-釦,釦-馬蹄釦(型扣)-白金,4.0,0.0,U型,金,20.0,10.0,2025/12/10,TB-Mary,10.0,2.0
AC0043,Imeng,配件-釦,釦鎖-磁鐵釦,5.0,0.0,,金,13.0,1.0,2025/12/10,愛你一生,1.0,13.0
AC0044,Imeng,配件-釦,釦鎖-磁鐵釦,5.0,0.0,圓柱,金,25.0,1.0,2025/12/10,星辰Crystal,2.0,25.0
AC0049,Imeng,配件-釦,釦鎖-鑰匙扣,25.0,0.0,金-18K包金,金-18K包金,14.0,10.0,2025/12/10,億伙,10.0,1.4
AC0037,Imeng,配件-釦,釦-扣(月牙扣),5.0,0.0,南瓜紋,銀,80.0,50.0,2025/12/10,TB-Mary,50.0,1.6
AC0013,Imeng,配件-釦,釦-按扣-保色銀3.2,3.2,0.0,,銀,40.0,10.0,2025/12/10,TB-Mary,10.0,4.0
AC0021,Imeng,配件-釦,釦-馬蹄釦(型扣),4.5,4.5,U型,銀,10.0,10.0,2025/12/10,小聰頭,70.0,0.7
AC0015,Imeng,配件-釦,釦-馬蹄釦(型扣)銀-素銀,4.0,0.0,U型,銀,20.0,10.0,2025/12/10,TB-Mary,10.0,2.0
AC0046,Imeng,配件-釦,釦鎖-磁鐵釦,5.0,0.0,圓柱,銀,25.0,1.0,2025/12/10,星辰Crystal,1.0,25.0
AC0048,Imeng,配件-釦,釦鎖-龍蝦扣,9.0,5.0,,銀,8.0,1.0,2025/12/10,愛你一生,1.0,8.0
AC0024,Imeng,配件-釦,釦-扣(月牙扣),4.5,0.3,光面,銀-925,10.0,1.0,2025/12/10,寶城水晶,1.0,10.0
AC0025,Imeng,配件-釦,釦-扣(月牙扣),6.0,4.0,光面,銀-925,15.0,1.0,2025/12/10,寶城水晶,1.0,15.0
AC0010,Imeng,配件-釦,釦-按扣銀-白3.2,3.2,0.0,白K金色,銀-925,40.0,10.0,2025/12/10,TB-Mary,10.0,4.0
AC0008,Imeng,配件-釦,釦-款大-純銀925/10A款,10.0,0.0,純銀925,銀-925,74.0,10.0,2025/12/10,TB-慶和銀飾,10.0,7.4
AC0042,Imeng,配件-釦,釦鎖-水滴扣,8.0,0.0,純銀925,銀-925,20.0,1.0,2025/12/10,TB-慶和銀飾,1.0,20.0
AC0047,Imeng,配件-釦,釦鎖-龍蝦扣,8.0,0.0,,銀-925,23.0,1.0,2025/12/10,TB-慶和銀飾,1.0,23.0
AC0005,Imeng,配件-釦,釦-光面-白金3,3.0,0.0,光面,銀-保色銀,20.0,10.0,2025/12/10,TB-Mary,10.0,2.0
AC0006,Imeng,配件-釦,釦-光面-白金4,4.0,0.0,光面,銀-保色銀,68.0,50.0,2025/12/10,TB-Mary,50.0,1.36
AC0028,Imeng,配件-釦,釦-扣(月牙扣),3.0,0.0,光面,銅,41.0,100.0,2025/12/10,決益X,300.0,0.41
AC0038,Imeng,配件-釦,釦-扣(月牙扣),4.0,0.0,南瓜紋,銅,33.0,10.0,2025/12/10,珍珠包金,70.0,2.9
AC0041,Imeng,配件-釦,釦-扣(月牙扣),3.0,0.0,,銅,41.0,100.0,2025/12/10,決益X,100.0,0.41
AC0009,Imeng,配件-釦,釦-包扣勾形-鈦鋼4*8,4.0,8.0,,鋼,20.0,10.0,2025/12/10,TB-鈦鋼潮牌,10.0,2.0
AC0026,Imeng,配件-釦,釦-扣(月牙扣),4.0,0.0,光面,鋼,36.0,50.0,2025/12/10,TB-鈦鋼潮牌,50.0,0.72
AC0027,Imeng,配件-釦,釦-扣(月牙扣),5.0,0.0,光面,鋼,40.0,50.0,2025/12/10,TB-鈦鋼潮牌,50.0,0.8
AC0050,Imeng,配件-釦,釦鎖-鑰匙扣,25.0,0.0,,鋼-數字珠,13.0,10.0,2025/12/10,億伙,10.0,1.3
AC0053,Imeng,配件-鏈,O圓牌空白玫瑰金,200.0,0.0,造型-圓牌空白,玫瑰金-手鍊,150.0,1.0,2025/12/10,格魯特,1.0,150.0
AC0055,Imeng,配件-鏈,O愛心箴言玫瑰金,200.0,0.0,造型-愛心箴言,玫瑰金-手鍊,100.0,1.0,2025/12/10,多加市集,1.0,100.0
AC0058,Imeng,配件-鏈,半手鐲白金-白金,63.0,0.0,,金,73.0,1.0,2025/12/10,愛你一生,1.0,73.0
AC0057,Imeng,配件-鏈,半手鐲金-14包金,63.0,0.0,,金,73.0,1.0,2025/12/10,愛你一生,1.0,73.0
AC0060,Imeng,配件-鏈,延長鏈-伸縮鏈金-14包金6,6.0,0.0,鏈子,金,18.0,1.0,2025/12/10,愛你一生,1.0,18.0
AC0061,Imeng,配件-鏈,延長鏈-伸縮鏈金-18包金6,6.0,0.0,鏈子,金,18.0,1.0,2025/12/10,愛你一生,1.0,18.0
AC0062,Imeng,配件-鏈,延長鏈-尾鏈五角星金-14包金,0.0,0.0,鏈子,金,7.0,1.0,2025/12/10,珍珠包金,1.0,7.0
AC0075,Imeng,配件-鏈,延長鏈-尾鏈圓球金-14包金,6.5,0.0,,金,10.0,1.0,2025/12/10,TB-軒閣珠寶,1.0,10.0
AC0063,Imeng,配件-鏈,延長鏈-尾鏈心形平面金-14包金,0.0,0.0,鏈子,金,6.0,1.0,2025/12/10,珍珠包金,1.0,6.0
AC0064,Imeng,配件-鏈,延長鏈-尾鏈心形立體金-14包金,0.0,0.0,鏈子,金,7.0,1.0,2025/12/10,珍珠包金,1.0,7.0
AC0066,Imeng,配件-鏈,延長鏈-尾鏈水滴金-14包金,0.0,0.0,鏈子,金,6.0,1.0,2025/12/10,珍珠包金,1.0,6.0
AC0065,Imeng,配件-鏈,延長鏈-尾鏈水滴金-14包金20,20.0,0.0,鏈子,金,11.0,1.0,2025/12/10,星辰Crystal,1.0,11.0
AC0067,Imeng,配件-鏈,延長鏈-尾鏈水滴銀-白金,0.0,0.0,鏈子,金,6.0,1.0,2025/12/10,珍珠包金,1.0,6.0
AC0076,Imeng,配件-鏈,延長鏈-彈簧扣尾鏈心形立體金-14包金,0.0,0.0,,金,12.0,1.0,2025/12/10,珍珠包金,1.0,12.0
AC0056,Imeng,配件-鏈,手鐲圈金(螺絲)金-14包金,18.0,0.0,,金,33.0,1.0,2025/12/10,愛你一生,1.0,33.0
AC0071,Imeng,配件-鏈,延長鏈-尾鏈偏心牌銀-銀925,0.0,0.0,鏈子,銀-925,24.0,1.0,2025/12/10,TB-慶和銀飾,1.0,24.0
AC0073,Imeng,配件-鏈,延長鏈-尾鏈圓片925銀-白金,0.0,0.0,鏈子,銀-925,27.0,1.0,2025/12/10,TB-慶和銀飾,1.0,27.0
AC0074,Imeng,配件-鏈,延長鏈-尾鏈圓片925銀-銀925,0.0,0.0,鏈子,銀-925,24.0,1.0,2025/12/10,TB-慶和銀飾,1.0,24.0
AC0072,Imeng,配件-鏈,延長鏈-尾鏈梨形牌銀-白金,0.0,0.0,鏈子,銀-925,22.0,1.0,2025/12/10,TB-廣州小銀子,1.0,22.0
AC0070,Imeng,配件-鏈,延長鏈-尾鏈水滴牌銀-銀925,0.0,0.0,鏈子,銀-925,18.0,1.0,2025/12/10,TB-慶和銀飾,1.0,18.0
AC0068,Imeng,配件-鏈,延長鏈-尾鏈水滴銀-白金,0.0,0.0,鏈子,銀-925,29.0,1.0,2025/12/10,TB-慶和銀飾,1.0,29.0
AC0069,Imeng,配件-鏈,延長鏈-尾鏈水滴銀-銀,0.0,0.0,鏈子,銀-925,27.0,1.0,2025/12/10,TB-慶和銀飾,1.0,27.0
AC0051,Imeng,配件-鏈,O扣鋼-圓牌空白-鈦鋼20,200.0,0.0,造型-圓牌空白,鋼-手鍊,150.0,1.0,2025/12/10,格魯特,1.0,150.0
AC0052,Imeng,配件-鏈,O扣鋼-愛心箴言-鈦鋼20,200.0,0.0,造型-愛心箴言,鋼-手鍊,150.0,1.0,2025/12/10,格魯特,2.0,125.0
AC0077,Imeng,配件-鏈,鏈條-O字鍊-鈦鋼0.5*2.5,0.5,2.5,鏈子,鋼-鏈條,38.0,500.0,2025/12/10,億伙,500.0,0.08
AC0078,Imeng,配件-鏈,鏈條-O字鍊-鈦鋼2*50,20.0,500.0,鏈子,鋼-鏈條,59.0,10.0,2025/12/10,億伙,20.0,6.15
SC0036,Imeng,雕刻件,佛祖,12.0,17.0,造型,雕刻件,199.0,5.0,2025/12/10,小聰頭,10.0,39.8
SC0005,Imeng,雕刻件,兔(花花兔),13.0,18.0,造型,雕刻件,369.0,5.0,2025/12/10,小聰頭,5.0,73.8
SC0011,Imeng,雕刻件,愛心(雙愛心),18.0,12.0,造型,雕刻件,588.0,10.0,2025/12/10,小聰頭,10.0,58.8
SC0004,Imeng,雕刻件,扎基(單面鬼神像),13.0,22.0,造型,雕刻件,1169.0,6.0,2025/12/10,小聰頭-子馨,11.0,212.54363636363635
SC0002,Imeng,雕刻件,扎基(雙面面具女神),14.0,21.0,造型,雕刻件,630.0,2.0,2025/12/10,小聰頭,2.0,315.0
SC0003,Imeng,雕刻件,扎基(雙面面具女神),19.0,29.0,造型,雕刻件,999.0,5.0,2025/12/10,小聰頭,5.0,199.8
SC0013,Imeng,雕刻件,熊(不看熊),9.0,20.0,造型,雕刻件,367.0,5.0,2025/12/10,小聰頭,5.0,73.4
SC0015,Imeng,雕刻件,熊(不聽熊),9.0,20.0,造型,雕刻件,368.0,5.0,2025/12/10,小聰頭,5.0,73.6
SC0014,Imeng,雕刻件,熊(不說熊),9.0,20.0,造型,雕刻件,369.0,5.0,2025/12/10,小聰頭,5.0,73.8
SC0016,Imeng,雕刻件,熊(天使熊),18.0,14.0,造型,雕刻件,376.0,5.0,2025/12/10,小聰頭,5.0,75.2
SC0007,Imeng,雕刻件,狗(布偶法鬥),13.0,17.0,造型,雕刻件,399.0,5.0,2025/12/10,小聰頭,5.0,79.8
SC0008,Imeng,雕刻件,狗(科基),16.4,17.0,造型,雕刻件,369.0,5.0,2025/12/10,小聰頭,5.0,73.8
SC0012,Imeng,雕刻件,獅(花朵獅),16.0,20.0,造型,雕刻件,368.0,5.0,2025/12/10,小聰頭,5.0,73.6
SC0006,Imeng,雕刻件,花(玫瑰花),15.0,16.0,造型,雕刻件,369.0,5.0,2025/12/10,小聰頭,5.0,73.8
SC0024,Imeng,雕刻件,觀音,13.0,21.0,造型,雕刻件,630.0,2.0,2025/12/10,小聰頭,2.0,315.0
SC0026,Imeng,雕刻件,觀音(寶寶觀音),30.0,27.0,造型,雕刻件,526.0,2.0,2025/12/10,小聰頭,2.0,263.0
SC0025,Imeng,雕刻件,觀音(無相觀音),10.0,19.0,造型,雕刻件,499.0,5.0,2025/12/10,小聰頭,5.0,99.8
SC0017,Imeng,雕刻件,貓(坐坐貓),15.0,18.0,造型,雕刻件,191.0,2.0,2025/12/10,小聰頭,2.0,95.5
SC0041,Imeng,雕刻件,貓(招財貓),17.0,19.0,造型,雕刻件,368.0,5.0,2025/12/10,小聰頭,5.0,73.6
SC0019,Imeng,雕刻件,貓(無臉貓),14.0,8.0,造型,雕刻件,369.0,5.0,2025/12/10,小聰頭,5.0,73.8
SC0020,Imeng,雕刻件,貓(無臉貓+翅膀),14.0,8.0,造型,雕刻件,369.0,5.0,2025/12/10,小聰頭,5.0,73.8
SC0021,Imeng,雕刻件,貓(睡貓),15.0,18.0,造型,雕刻件,369.0,5.0,2025/12/10,小聰頭,5.0,73.8
SC0022,Imeng,雕刻件,貓(蛋蛋貓),21.0,11.0,造型,雕刻件,370.0,5.0,2025/12/10,小聰頭,5.0,74.0
SC0040,Imeng,雕刻件,貓(貓爪),16.0,16.0,造型,雕刻件,599.0,10.0,2025/12/10,小聰頭,10.0,59.9
SC0018,Imeng,雕刻件,貓(趴趴貓),16.0,18.0,造型,雕刻件,368.0,5.0,2025/12/10,小聰頭,5.0,73.6
SC0042,Imeng,雕刻件,貓頭鷹,13.0,18.0,造型,雕刻件,225.0,3.0,2025/12/10,小聰頭-小宇,3.0,75.0
SC0001,Imeng,雕刻件,貔貅,14.0,20.0,造型,雕刻件,250.0,1.0,2025/12/10,Rich,1.0,250.0
SC0028,Imeng,雕刻件,貔貅,15.0,10.0,造型,雕刻件,65.0,1.0,2025/12/10,小聰頭-蒨,1.0,65.0
SC0029,Imeng,雕刻件,貔貅,12.5,8.5,造型,雕刻件,100.0,1.0,2025/12/10,小聰頭-蒨,1.0,100.0
SC0030,Imeng,雕刻件,貔貅,13.5,9.0,造型,雕刻件,104.0,1.0,2025/12/10,小聰頭-蒨,1.0,104.0
SC0031,Imeng,雕刻件,貔貅,10.0,15.0,造型,雕刻件,250.0,1.0,2025/12/10,Rich,1.0,250.0
SC0032,Imeng,雕刻件,貔貅,11.0,18.0,造型,雕刻件,280.0,1.0,2025/12/10,Rich,1.0,280.0
SC0033,Imeng,雕刻件,貔貅,10.0,14.0,造型,雕刻件,350.0,1.0,2025/12/10,永安,2.0,250.0
SC0038,Imeng,雕刻件,貔貅,12.0,17.0,造型,雕刻件,141.0,2.0,2025/12/10,小聰頭,2.0,70.5
SC0043,Imeng,雕刻件,馬粉粉晶貓頭,15.0,16.0,造型,雕刻件,115.0,1.0,2025/12/10,Rich,1.0,115.0
SC0009,Imeng,雕刻件,魚(美人魚),22.0,29.0,造型,雕刻件,526.0,2.0,2025/12/10,小聰頭,2.0,263.0
SC0010,Imeng,雕刻件,魚(鯨魚),16.0,19.0,造型,雕刻件,191.0,2.0,2025/12/10,小聰頭-尼克,2.0,95.5
SC0023,Imeng,雕刻件,龍貓,20.0,16.0,造型,雕刻件,191.0,2.0,2025/12/10,小聰頭,2.0,95.5
SC0027,Imeng,雕刻件,龍龜,13.0,18.0,造型,雕刻件,369.0,5.0,2025/12/10,小聰頭,5.0,73.8
SC0035,Imeng,雕刻件,龍龜,13.0,17.0,造型,雕刻件,269.0,5.0,2025/12/10,小聰頭,5.0,53.8
AC0308,Imeng,配件,光面圓珠,3.3,3.3,圓珠,銀,41.0,100.0,2025-11-14,愛你一生,88.0,0.41
AC0309,Imeng,配件,光面圓珠,3.0,3.0,圓珠,銀,41.0,100.0,2025-11-14,愛你一生,94.0,0.41
ST0322,Imeng,天然石,紫幽靈,3.0,0.0,切角,火,180.0,266.0,2025-12-14,TB-東吳天然石坊,266.0,0.6766917293233082
ST0323,Imeng,天然石,紫水晶,3.5,0.0,切角,火,240.0,138.0,2025-12-14,TB-東吳天然石坊,138.0,1.7391304347826086
ST0324,Imeng,天然石,粉水晶,3.5,0.0,切角,火,115.0,70.0,2025-12-14,TB-東吳天然石坊,70.0,1.6428571428571428
ST0325,Imeng,天然石,石榴石,3.0,0.0,切角,火,260.0,258.0,2025-12-14,TB-東吳天然石坊,258.0,1.007751937984496
ST0326,Imeng,天然石,菫青(祥),8.0,8.0,圓珠,火,190.0,49.0,2025-12-15,祥玥,48.0,3.877551020408163
ST0327,Imeng,天然石,紫幽靈,8.0,8.0,圓珠,火,425.0,49.0,2025-08-05,祥玥,45.0,8.673469387755102
ST0328,Imeng,天然石,薰衣草紫水晶,8.0,8.0,圓珠,火,296.0,45.0,2025-08-05,TB-物物居,44.0,6.5777777777777775
ST1766575427,Imeng,天然石,黃澳寶2.5mm,0.0,0.0,切角,金,0.0,0.0,,,139.0,0.0
ST1766580289,Imeng,天然石,黃澳寶,3.5,0.0,切角,金,0.0,0.0,2025-12-24,,317.0,0.0
ST1766580452,Imeng,天然石,黃澳寶,3.0,0.0,切角,金,0.0,0.0,2025-12-24,,26.0,0.0
ST1766764312,Imeng,天然石,草莓晶,4.0,4.0,方體,火,,,2025-12-26,Rich,82.0,0.0
